OvertimeID,EmployeeID,OvertimeDatetime,OvertimeEndDatetime
1,15,2021-07-05 06:01:35,2021-07-05 09:01:35
2,71,2020-11-20 06:01:27,2020-11-20 10:00:27
3,58,2012-03-13 06:01:19,2012-03-13 09:01:19
4,39,2020-10-04 06:01:51,2020-10-04 09:01:51
5,86,2018-11-16 22:01:16,2018-11-16 02:00:16
6,68,2018-08-06 06:01:20,2018-08-06 09:01:20
7,6,2018-03-09 06:01:45,2018-03-09 08:01:45
8,83,2015-08-25 14:01:34,2015-08-25 18:00:34
9,93,2024-07-19 06:01:04,2024-07-19 08:01:04
10,14,2021-12-06 22:01:43,2021-12-06 02:00:43
11,58,2010-11-23 22:01:49,2010-11-23 02:00:49
12,3,2021-03-27 22:01:09,2021-03-27 02:00:09
13,65,2014-09-20 14:01:23,2014-09-20 18:00:23
14,75,2010-11-07 22:01:51,2010-11-07 02:00:51
15,38,2016-06-28 14:01:26,2016-06-28 18:00:26
16,24,2013-09-10 06:01:27,2013-09-10 10:00:27
17,58,2012-05-28 14:01:20,2012-05-28 18:00:20
18,22,2018-10-05 14:01:27,2018-10-05 18:00:27
19,91,2014-09-12 22:01:50,2014-09-12 02:00:50
20,81,2015-03-23 14:01:08,2015-03-23 18:00:08
21,74,2018-03-19 14:01:37,2018-03-19 18:00:37
22,38,2022-09-04 22:01:40,2022-09-04 02:00:40
23,78,2018-08-17 22:01:07,2018-08-17 02:00:07
24,94,2012-01-25 22:01:09,2012-01-25 02:00:09
25,98,2017-04-15 14:01:49,2017-04-15 16:01:49
26,67,2017-04-06 14:01:03,2017-04-06 16:01:03
27,69,2019-10-07 14:01:49,2019-10-07 18:00:49
28,50,2020-03-16 22:01:09,2020-03-16 02:00:09
29,32,2016-01-29 06:01:27,2016-01-29 09:01:27
30,73,2015-04-26 06:01:55,2015-04-26 09:01:55
31,3,2012-06-08 22:01:02,2012-06-08 02:00:02
32,73,2021-04-14 22:01:08,2021-04-14 02:00:08
33,23,2019-08-15 06:01:48,2019-08-15 08:01:48
34,24,2018-01-01 06:01:54,2018-01-01 09:01:54
35,100,2022-04-03 06:01:13,2022-04-03 09:01:13
36,52,2014-10-18 22:01:50,2014-10-18 02:00:50
37,8,2018-11-01 14:01:33,2018-11-01 18:00:33
38,90,2023-04-28 06:01:15,2023-04-28 10:00:15
39,61,2010-10-09 06:01:39,2010-10-09 09:01:39
40,82,2020-05-15 06:01:33,2020-05-15 09:01:33
41,98,2019-08-07 14:01:38,2019-08-07 16:01:38
42,83,2022-07-01 14:01:05,2022-07-01 16:01:05
43,96,2019-08-14 06:01:57,2019-08-14 09:01:57
44,72,2014-01-08 22:01:12,2014-01-08 02:00:12
45,67,2013-02-25 22:01:23,2013-02-25 02:00:23
46,42,2013-04-24 22:01:46,2013-04-24 02:00:46
47,78,2016-02-10 14:01:07,2016-02-10 18:00:07
48,32,2011-01-28 22:01:13,2011-01-28 02:00:13
49,85,2021-11-22 22:01:51,2021-11-22 02:00:51
50,37,2024-03-05 06:01:11,2024-03-05 09:01:11
51,53,2020-03-11 22:01:19,2020-03-11 02:00:19
52,19,2014-07-03 22:01:43,2014-07-03 02:00:43
53,79,2013-12-09 14:01:02,2013-12-09 17:01:02
54,4,2023-07-29 22:01:34,2023-07-29 02:00:34
55,52,2023-02-17 22:01:15,2023-02-17 02:00:15
56,70,2022-10-02 22:01:53,2022-10-02 02:00:53
57,56,2015-07-22 22:01:32,2015-07-22 02:00:32
58,12,2018-06-04 22:01:40,2018-06-04 02:00:40
59,74,2011-07-09 14:01:22,2011-07-09 17:01:22
60,53,2017-03-04 22:01:39,2017-03-04 02:00:39
61,28,2013-02-14 06:01:24,2013-02-14 10:00:24
62,62,2015-10-21 14:01:04,2015-10-21 16:01:04
63,87,2018-10-29 22:01:02,2018-10-29 02:00:02
64,99,2023-07-13 06:01:26,2023-07-13 10:00:26
65,41,2024-09-08 22:01:46,2024-09-08 02:00:46
66,97,2017-12-03 06:01:07,2017-12-03 09:01:07
67,25,2015-12-16 14:01:07,2015-12-16 17:01:07
68,70,2011-10-22 06:01:04,2011-10-22 08:01:04
69,76,2017-02-08 14:01:18,2017-02-08 18:00:18
70,35,2012-08-27 22:01:30,2012-08-27 02:00:30
71,4,2012-03-23 06:01:23,2012-03-23 09:01:23
72,97,2015-08-01 06:01:21,2015-08-01 08:01:21
73,1,2015-11-11 22:01:28,2015-11-11 02:00:28
74,56,2014-01-22 22:01:50,2014-01-22 02:00:50
75,50,2021-07-13 06:01:00,2021-07-13 08:01:00
76,15,2021-07-29 14:01:20,2021-07-29 18:00:20
77,26,2014-02-01 06:01:04,2014-02-01 08:01:04
78,86,2022-06-24 06:01:39,2022-06-24 10:00:39
79,43,2021-02-03 06:01:24,2021-02-03 08:01:24
80,9,2019-03-23 14:01:41,2019-03-23 18:00:41
81,8,2023-08-24 22:01:19,2023-08-24 02:00:19
82,36,2017-02-03 06:01:45,2017-02-03 09:01:45
83,81,2024-01-20 22:01:06,2024-01-20 02:00:06
84,95,2012-10-02 14:01:10,2012-10-02 16:01:10
85,59,2022-03-15 14:01:56,2022-03-15 16:01:56
86,81,2010-09-26 22:01:38,2010-09-26 02:00:38
87,75,2023-06-22 14:01:34,2023-06-22 18:00:34
88,53,2018-01-21 22:01:45,2018-01-21 02:00:45
89,7,2012-04-03 22:01:32,2012-04-03 02:00:32
90,29,2019-09-03 22:01:47,2019-09-03 02:00:47
91,35,2012-06-28 06:01:30,2012-06-28 09:01:30
92,57,2016-06-18 14:01:29,2016-06-18 18:00:29
93,37,2012-03-04 14:01:50,2012-03-04 16:01:50
94,8,2023-01-30 22:01:29,2023-01-30 02:00:29
95,18,2023-05-26 22:01:53,2023-05-26 02:00:53
96,98,2010-11-30 14:01:15,2010-11-30 18:00:15
97,17,2019-03-18 22:01:57,2019-03-18 02:00:57
98,45,2013-06-08 06:01:50,2013-06-08 10:00:50
99,12,2023-04-16 22:01:07,2023-04-16 02:00:07
100,93,2023-03-11 22:01:28,2023-03-11 02:00:28
101,50,2013-11-24 06:01:41,2013-11-24 08:01:41
102,73,2012-11-12 22:01:17,2012-11-12 02:00:17
103,9,2014-07-31 14:01:13,2014-07-31 16:01:13
104,51,2016-03-10 22:01:56,2016-03-10 02:00:56
105,69,2011-11-05 14:01:04,2011-11-05 16:01:04
106,25,2023-07-04 06:01:01,2023-07-04 08:01:01
107,59,2012-05-27 06:01:30,2012-05-27 08:01:30
108,17,2017-10-17 14:01:56,2017-10-17 17:01:56
109,92,2016-02-01 06:01:37,2016-02-01 08:01:37
110,45,2013-11-15 14:01:06,2013-11-15 16:01:06
111,60,2016-03-25 22:01:31,2016-03-25 02:00:31
112,60,2014-09-21 06:01:22,2014-09-21 08:01:22
113,22,2012-02-10 22:01:48,2012-02-10 02:00:48
114,11,2020-02-27 22:01:53,2020-02-27 02:00:53
115,1,2017-06-05 14:01:46,2017-06-05 16:01:46
116,29,2023-10-06 14:01:20,2023-10-06 16:01:20
117,66,2017-01-12 22:01:13,2017-01-12 02:00:13
118,17,2021-04-11 14:01:14,2021-04-11 17:01:14
119,70,2021-09-24 22:01:13,2021-09-24 02:00:13
120,49,2010-10-15 06:01:55,2010-10-15 08:01:55
121,28,2012-12-01 14:01:31,2012-12-01 16:01:31
122,86,2016-11-28 22:01:57,2016-11-28 02:00:57
123,40,2022-06-21 14:01:59,2022-06-21 18:00:59
124,7,2020-05-05 22:01:47,2020-05-05 02:00:47
125,75,2014-12-17 14:01:02,2014-12-17 16:01:02
126,19,2011-01-31 14:01:00,2011-01-31 17:01:00
127,66,2013-09-01 06:01:10,2013-09-01 08:01:10
128,56,2016-11-19 14:01:50,2016-11-19 17:01:50
129,7,2016-10-25 06:01:18,2016-10-25 09:01:18
130,27,2015-12-13 22:01:07,2015-12-13 02:00:07
131,14,2012-12-27 14:01:52,2012-12-27 17:01:52
132,69,2014-07-26 06:01:15,2014-07-26 08:01:15
133,60,2019-08-26 22:01:28,2019-08-26 02:00:28
134,86,2016-12-11 22:01:32,2016-12-11 02:00:32
135,24,2011-02-01 06:01:43,2011-02-01 08:01:43
136,21,2011-06-28 22:01:08,2011-06-28 02:00:08
137,63,2011-09-09 22:01:35,2011-09-09 02:00:35
138,24,2013-11-22 06:01:40,2013-11-22 10:00:40
139,25,2012-09-27 14:01:31,2012-09-27 18:00:31
140,54,2019-11-20 06:01:19,2019-11-20 10:00:19
141,70,2023-11-13 14:01:33,2023-11-13 18:00:33
142,63,2012-10-31 22:01:36,2012-10-31 02:00:36
143,78,2024-05-24 14:01:23,2024-05-24 16:01:23
144,98,2022-01-10 14:01:52,2022-01-10 16:01:52
145,70,2014-09-08 06:01:39,2014-09-08 08:01:39
146,66,2018-05-23 06:01:38,2018-05-23 10:00:38
147,88,2023-12-20 14:01:37,2023-12-20 17:01:37
148,4,2012-07-09 14:01:04,2012-07-09 16:01:04
149,74,2016-05-22 14:01:32,2016-05-22 18:00:32
150,3,2014-02-18 14:01:26,2014-02-18 18:00:26
151,76,2024-01-31 22:01:30,2024-01-31 02:00:30
152,82,2013-03-15 14:01:43,2013-03-15 17:01:43
153,88,2018-01-10 06:01:37,2018-01-10 09:01:37
154,62,2021-04-03 22:01:21,2021-04-03 02:00:21
155,52,2012-05-03 14:01:34,2012-05-03 16:01:34
156,52,2023-07-14 22:01:41,2023-07-14 02:00:41
157,102,2015-05-26 06:01:12,2015-05-26 09:01:12
158,98,2020-05-31 06:01:36,2020-05-31 09:01:36
159,70,2018-06-30 06:01:33,2018-06-30 08:01:33
160,85,2015-10-18 06:01:20,2015-10-18 08:01:20
161,29,2014-02-13 22:01:29,2014-02-13 02:00:29
162,42,2019-01-23 22:01:40,2019-01-23 02:00:40
163,12,2012-06-01 14:01:52,2012-06-01 18:00:52
164,85,2016-11-10 14:01:15,2016-11-10 16:01:15
165,100,2017-07-19 14:01:52,2017-07-19 18:00:52
166,58,2016-06-10 06:01:59,2016-06-10 10:00:59
167,34,2022-11-05 14:01:06,2022-11-05 18:00:06
168,20,2020-01-18 22:01:01,2020-01-18 02:00:01
169,67,2016-07-14 22:01:41,2016-07-14 02:00:41
170,10,2012-02-07 22:01:27,2012-02-07 02:00:27
171,42,2013-03-05 22:01:30,2013-03-05 02:00:30
172,59,2011-10-23 22:01:53,2011-10-23 02:00:53
173,72,2013-10-13 22:01:40,2013-10-13 02:00:40
174,99,2017-08-22 22:01:09,2017-08-22 02:00:09
175,31,2018-12-04 14:01:07,2018-12-04 18:00:07
176,78,2023-06-14 22:01:21,2023-06-14 02:00:21
177,101,2011-02-14 22:01:25,2011-02-14 02:00:25
178,21,2015-08-08 06:01:22,2015-08-08 08:01:22
179,43,2018-10-15 06:01:59,2018-10-15 10:00:59
180,89,2019-11-24 22:01:28,2019-11-24 02:00:28
181,85,2020-10-15 22:01:52,2020-10-15 02:00:52
182,93,2022-01-05 22:01:12,2022-01-05 02:00:12
183,89,2014-12-10 14:01:57,2014-12-10 18:00:57
184,38,2020-06-22 22:01:28,2020-06-22 02:00:28
185,39,2016-08-25 22:01:44,2016-08-25 02:00:44
186,95,2021-09-10 22:01:29,2021-09-10 02:00:29
187,71,2022-07-23 22:01:46,2022-07-23 02:00:46
188,83,2015-03-04 06:01:07,2015-03-04 09:01:07
189,45,2023-07-07 14:01:55,2023-07-07 18:00:55
190,70,2016-04-30 22:01:02,2016-04-30 02:00:02
191,97,2023-08-01 06:01:53,2023-08-01 10:00:53
192,84,2017-10-22 14:01:50,2017-10-22 16:01:50
193,46,2018-12-11 06:01:07,2018-12-11 08:01:07
194,70,2021-11-09 14:01:03,2021-11-09 17:01:03
195,50,2016-04-19 14:01:20,2016-04-19 16:01:20
196,70,2024-07-27 22:01:51,2024-07-27 02:00:51
197,4,2018-05-09 22:01:06,2018-05-09 02:00:06
198,36,2019-08-30 14:01:21,2019-08-30 16:01:21
199,79,2011-12-02 06:01:50,2011-12-02 10:00:50
200,81,2016-03-03 22:01:53,2016-03-03 02:00:53
201,64,2021-06-05 22:01:58,2021-06-05 02:00:58
202,64,2012-03-19 14:01:17,2012-03-19 18:00:17
203,20,2014-09-12 22:01:52,2014-09-12 02:00:52
204,56,2022-09-20 22:01:50,2022-09-20 02:00:50
205,92,2017-09-19 06:01:19,2017-09-19 08:01:19
206,41,2016-12-15 22:01:37,2016-12-15 02:00:37
207,26,2016-04-01 14:01:10,2016-04-01 18:00:10
208,5,2019-02-24 22:01:57,2019-02-24 02:00:57
209,41,2012-07-20 22:01:30,2012-07-20 02:00:30
210,1,2012-09-12 14:01:31,2012-09-12 18:00:31
211,24,2020-06-05 22:01:46,2020-06-05 02:00:46
212,102,2017-11-01 06:01:16,2017-11-01 09:01:16
213,7,2023-07-17 22:01:06,2023-07-17 02:00:06
214,4,2017-08-16 22:01:53,2017-08-16 02:00:53
215,97,2024-02-28 14:01:30,2024-02-28 17:01:30
216,94,2013-04-16 22:01:24,2013-04-16 02:00:24
217,88,2015-08-24 14:01:25,2015-08-24 18:00:25
218,5,2020-07-15 06:01:33,2020-07-15 10:00:33
219,16,2023-10-29 06:01:05,2023-10-29 09:01:05
220,70,2019-04-04 06:01:25,2019-04-04 10:00:25
221,44,2013-08-19 14:01:54,2013-08-19 17:01:54
222,33,2015-12-23 06:01:30,2015-12-23 10:00:30
223,51,2023-02-24 14:01:26,2023-02-24 18:00:26
224,51,2020-03-20 06:01:12,2020-03-20 08:01:12
225,46,2023-01-29 22:01:25,2023-01-29 02:00:25
226,24,2020-10-26 22:01:34,2020-10-26 02:00:34
227,82,2021-04-16 06:01:59,2021-04-16 10:00:59
228,69,2021-12-27 22:01:07,2021-12-27 02:00:07
229,35,2018-03-25 14:01:33,2018-03-25 16:01:33
230,25,2018-12-25 22:01:33,2018-12-25 02:00:33
231,14,2017-09-02 14:01:21,2017-09-02 17:01:21
232,22,2014-01-23 14:01:48,2014-01-23 16:01:48
233,88,2020-11-19 22:01:09,2020-11-19 02:00:09
234,24,2013-06-13 22:01:21,2013-06-13 02:00:21
235,93,2014-09-08 14:01:22,2014-09-08 16:01:22
236,44,2024-05-19 14:01:55,2024-05-19 16:01:55
237,74,2019-04-09 06:01:37,2019-04-09 09:01:37
238,76,2014-09-10 06:01:25,2014-09-10 10:00:25
239,29,2024-07-13 14:01:07,2024-07-13 18:00:07
240,78,2016-09-14 22:01:56,2016-09-14 02:00:56
241,14,2018-11-20 06:01:07,2018-11-20 10:00:07
242,14,2010-11-01 22:01:09,2010-11-01 02:00:09
243,51,2014-03-06 14:01:09,2014-03-06 17:01:09
244,4,2018-07-15 22:01:37,2018-07-15 02:00:37
245,67,2016-07-02 14:01:00,2016-07-02 17:01:00
246,72,2012-06-29 14:01:52,2012-06-29 16:01:52
247,79,2014-08-10 14:01:27,2014-08-10 17:01:27
248,99,2020-08-26 22:01:08,2020-08-26 02:00:08
249,34,2023-09-06 06:01:27,2023-09-06 08:01:27
250,25,2014-09-10 14:01:09,2014-09-10 18:00:09
251,80,2021-10-28 06:01:38,2021-10-28 10:00:38
252,66,2010-09-27 22:01:49,2010-09-27 02:00:49
253,15,2012-12-28 14:01:12,2012-12-28 18:00:12
254,62,2020-06-19 06:01:28,2020-06-19 08:01:28
255,26,2012-05-05 22:01:05,2012-05-05 02:00:05
256,43,2010-12-12 22:01:25,2010-12-12 02:00:25
257,35,2011-06-08 06:01:51,2011-06-08 08:01:51
258,47,2020-10-24 06:01:04,2020-10-24 09:01:04
259,40,2017-03-10 06:01:17,2017-03-10 09:01:17
260,38,2024-08-08 14:01:27,2024-08-08 16:01:27
261,42,2011-01-28 14:01:23,2011-01-28 16:01:23
262,14,2013-07-04 06:01:41,2013-07-04 10:00:41
263,23,2014-01-26 14:01:09,2014-01-26 18:00:09
264,28,2024-06-15 14:01:27,2024-06-15 17:01:27
265,94,2013-06-03 22:01:30,2013-06-03 02:00:30
266,31,2016-03-13 14:01:53,2016-03-13 17:01:53
267,41,2024-01-09 06:01:28,2024-01-09 08:01:28
268,80,2024-08-16 14:01:22,2024-08-16 16:01:22
269,90,2012-10-01 22:01:31,2012-10-01 02:00:31
270,37,2022-06-09 06:01:36,2022-06-09 08:01:36
271,100,2012-09-10 14:01:54,2012-09-10 16:01:54
272,59,2016-12-11 14:01:30,2016-12-11 18:00:30
273,68,2021-04-20 06:01:38,2021-04-20 10:00:38
274,76,2016-10-14 22:01:02,2016-10-14 02:00:02
275,72,2015-12-24 06:01:13,2015-12-24 10:00:13
276,94,2016-08-14 06:01:40,2016-08-14 09:01:40
277,1,2015-03-27 14:01:11,2015-03-27 17:01:11
278,17,2023-12-02 06:01:24,2023-12-02 10:00:24
279,68,2018-12-18 22:01:21,2018-12-18 02:00:21
280,52,2024-08-07 06:01:16,2024-08-07 08:01:16
281,43,2021-11-04 22:01:02,2021-11-04 02:00:02
282,54,2018-06-25 06:01:44,2018-06-25 09:01:44
283,99,2021-01-13 22:01:40,2021-01-13 02:00:40
284,54,2019-12-04 14:01:17,2019-12-04 18:00:17
285,57,2017-12-18 14:01:59,2017-12-18 17:01:59
286,22,2012-04-11 06:01:47,2012-04-11 09:01:47
287,91,2020-12-31 14:01:45,2020-12-31 18:00:45
288,44,2023-03-22 22:01:15,2023-03-22 02:00:15
289,36,2020-08-18 22:01:34,2020-08-18 02:00:34
290,44,2019-01-06 22:01:40,2019-01-06 02:00:40
291,55,2015-02-24 14:01:54,2015-02-24 17:01:54
292,101,2016-08-25 22:01:58,2016-08-25 02:00:58
293,37,2014-03-31 06:01:49,2014-03-31 10:00:49
294,17,2021-01-31 14:01:26,2021-01-31 18:00:26
295,16,2017-08-31 06:01:41,2017-08-31 10:00:41
296,55,2011-12-14 14:01:39,2011-12-14 16:01:39
297,18,2012-04-16 06:01:29,2012-04-16 08:01:29
298,6,2020-05-28 06:01:58,2020-05-28 09:01:58
299,48,2022-07-16 22:01:46,2022-07-16 02:00:46
300,76,2012-10-16 22:01:02,2012-10-16 02:00:02
301,10,2024-08-24 06:01:16,2024-08-24 08:01:16
302,83,2013-01-13 06:01:47,2013-01-13 09:01:47
303,41,2014-12-24 06:01:30,2014-12-24 08:01:30
304,1,2021-05-15 14:01:25,2021-05-15 17:01:25
305,62,2017-11-22 06:01:43,2017-11-22 10:00:43
306,27,2019-06-30 22:01:52,2019-06-30 02:00:52
307,55,2012-09-08 22:01:27,2012-09-08 02:00:27
308,24,2013-12-31 22:01:35,2013-12-31 02:00:35
309,37,2024-01-24 14:01:26,2024-01-24 17:01:26
310,67,2019-01-29 22:01:10,2019-01-29 02:00:10
311,50,2012-12-08 14:01:25,2012-12-08 18:00:25
312,80,2019-02-04 22:01:14,2019-02-04 02:00:14
313,19,2023-12-25 14:01:48,2023-12-25 18:00:48
314,29,2011-05-06 14:01:37,2011-05-06 17:01:37
315,82,2020-12-03 14:01:12,2020-12-03 18:00:12
316,38,2017-01-06 22:01:15,2017-01-06 02:00:15
317,20,2018-09-01 22:01:14,2018-09-01 02:00:14
318,17,2011-08-17 14:01:59,2011-08-17 18:00:59
319,95,2014-01-18 22:01:38,2014-01-18 02:00:38
320,48,2012-11-12 14:01:55,2012-11-12 16:01:55
321,9,2023-08-23 22:01:02,2023-08-23 02:00:02
322,23,2014-09-11 22:01:43,2014-09-11 02:00:43
323,14,2022-06-29 22:01:56,2022-06-29 02:00:56
324,25,2016-11-04 06:01:07,2016-11-04 08:01:07
325,26,2019-07-17 22:01:43,2019-07-17 02:00:43
326,83,2011-04-12 06:01:30,2011-04-12 10:00:30
327,40,2012-05-03 22:01:40,2012-05-03 02:00:40
328,8,2018-06-08 14:01:04,2018-06-08 18:00:04
329,2,2024-07-16 06:01:11,2024-07-16 10:00:11
330,32,2015-09-15 14:01:25,2015-09-15 17:01:25
331,63,2011-10-07 06:01:42,2011-10-07 08:01:42
332,92,2019-07-14 22:01:31,2019-07-14 02:00:31
333,45,2016-11-08 06:01:03,2016-11-08 10:00:03
334,22,2010-12-02 14:01:23,2010-12-02 17:01:23
335,67,2019-04-16 22:01:25,2019-04-16 02:00:25
336,86,2020-09-12 14:01:14,2020-09-12 16:01:14
337,101,2012-02-03 06:01:35,2012-02-03 09:01:35
338,62,2014-06-11 14:01:09,2014-06-11 17:01:09
339,34,2018-01-26 22:01:28,2018-01-26 02:00:28
340,72,2017-09-01 22:01:31,2017-09-01 02:00:31
341,62,2023-07-16 06:01:43,2023-07-16 09:01:43
342,20,2013-08-30 22:01:37,2013-08-30 02:00:37
343,42,2013-02-10 06:01:34,2013-02-10 10:00:34
344,12,2017-12-24 22:01:46,2017-12-24 02:00:46
345,95,2018-06-01 14:01:46,2018-06-01 17:01:46
346,85,2024-04-22 22:01:09,2024-04-22 02:00:09
347,94,2016-04-14 06:01:47,2016-04-14 09:01:47
348,7,2022-05-31 22:01:09,2022-05-31 02:00:09
349,92,2018-02-18 14:01:05,2018-02-18 16:01:05
350,83,2014-04-12 14:01:20,2014-04-12 16:01:20
351,9,2023-02-14 14:01:07,2023-02-14 18:00:07
352,28,2020-01-08 06:01:10,2020-01-08 09:01:10
353,101,2017-11-22 22:01:01,2017-11-22 02:00:01
354,28,2019-07-22 22:01:13,2019-07-22 02:00:13
355,75,2022-09-30 06:01:33,2022-09-30 08:01:33
356,42,2013-09-10 06:01:50,2013-09-10 08:01:50
357,20,2014-03-31 22:01:06,2014-03-31 02:00:06
358,79,2020-01-27 06:01:00,2020-01-27 10:00:00
359,53,2018-11-03 06:01:20,2018-11-03 08:01:20
360,94,2013-01-12 14:01:12,2013-01-12 17:01:12
361,85,2017-10-19 22:01:31,2017-10-19 02:00:31
362,82,2019-04-16 14:01:37,2019-04-16 16:01:37
363,71,2011-02-24 22:01:51,2011-02-24 02:00:51
364,31,2016-07-04 06:01:21,2016-07-04 09:01:21
365,84,2017-05-25 14:01:35,2017-05-25 18:00:35
366,32,2017-04-21 22:01:59,2017-04-21 02:00:59
367,27,2020-10-30 14:01:48,2020-10-30 18:00:48
368,40,2019-02-26 14:01:56,2019-02-26 17:01:56
369,16,2018-10-29 14:01:41,2018-10-29 18:00:41
370,83,2020-03-08 14:01:05,2020-03-08 18:00:05
371,96,2016-06-21 14:01:57,2016-06-21 16:01:57
372,21,2020-05-04 14:01:49,2020-05-04 17:01:49
373,32,2023-10-13 06:01:00,2023-10-13 10:00:00
374,43,2015-11-15 14:01:27,2015-11-15 17:01:27
375,74,2024-05-19 14:01:26,2024-05-19 18:00:26
376,92,2022-08-27 22:01:24,2022-08-27 02:00:24
377,24,2022-06-30 14:01:35,2022-06-30 18:00:35
378,75,2024-07-21 14:01:18,2024-07-21 16:01:18
379,24,2021-09-20 22:01:43,2021-09-20 02:00:43
380,57,2023-04-07 06:01:57,2023-04-07 08:01:57
381,8,2024-07-11 14:01:58,2024-07-11 16:01:58
382,86,2023-08-09 22:01:57,2023-08-09 02:00:57
383,98,2012-03-27 22:01:52,2012-03-27 02:00:52
384,93,2016-08-23 06:01:10,2016-08-23 08:01:10
385,63,2019-04-20 22:01:45,2019-04-20 02:00:45
386,18,2019-07-23 22:01:23,2019-07-23 02:00:23
387,67,2023-11-01 06:01:16,2023-11-01 08:01:16
388,20,2020-01-02 06:01:43,2020-01-02 10:00:43
389,97,2017-02-21 06:01:48,2017-02-21 08:01:48
390,102,2023-11-22 14:01:56,2023-11-22 17:01:56
391,94,2024-07-27 22:01:29,2024-07-27 02:00:29
392,71,2011-07-26 06:01:49,2011-07-26 08:01:49
393,5,2012-10-18 06:01:14,2012-10-18 09:01:14
394,98,2020-06-01 22:01:17,2020-06-01 02:00:17
395,78,2024-08-17 22:01:56,2024-08-17 02:00:56
396,67,2020-05-09 22:01:32,2020-05-09 02:00:32
397,73,2023-06-26 14:01:30,2023-06-26 17:01:30
398,88,2017-03-26 06:01:47,2017-03-26 10:00:47
399,95,2021-06-06 22:01:30,2021-06-06 02:00:30
400,48,2017-06-10 22:01:02,2017-06-10 02:00:02
401,46,2017-05-22 06:01:49,2017-05-22 08:01:49
402,82,2018-10-13 22:01:55,2018-10-13 02:00:55
403,8,2019-06-30 06:01:16,2019-06-30 08:01:16
404,3,2018-12-30 14:01:47,2018-12-30 17:01:47
405,31,2022-02-17 14:01:07,2022-02-17 18:00:07
406,11,2021-11-04 22:01:29,2021-11-04 02:00:29
407,42,2018-02-28 06:01:26,2018-02-28 09:01:26
408,9,2012-04-27 14:01:46,2012-04-27 16:01:46
409,27,2015-04-23 22:01:37,2015-04-23 02:00:37
410,12,2023-10-13 06:01:07,2023-10-13 08:01:07
411,83,2023-06-09 22:01:18,2023-06-09 02:00:18
412,100,2020-09-23 22:01:33,2020-09-23 02:00:33
413,96,2018-12-02 14:01:36,2018-12-02 18:00:36
414,4,2016-11-12 06:01:50,2016-11-12 09:01:50
415,26,2015-07-21 14:01:03,2015-07-21 17:01:03
416,84,2018-03-31 22:01:45,2018-03-31 02:00:45
417,25,2019-05-25 06:01:18,2019-05-25 10:00:18
418,26,2011-10-12 06:01:48,2011-10-12 10:00:48
419,54,2016-03-23 14:01:03,2016-03-23 16:01:03
420,27,2023-07-12 22:01:09,2023-07-12 02:00:09
421,64,2019-11-01 06:01:36,2019-11-01 10:00:36
422,15,2014-10-01 06:01:12,2014-10-01 09:01:12
423,7,2022-04-13 22:01:37,2022-04-13 02:00:37
424,94,2011-07-05 06:01:37,2011-07-05 08:01:37
425,27,2011-08-22 06:01:54,2011-08-22 08:01:54
426,88,2018-09-05 22:01:55,2018-09-05 02:00:55
427,53,2011-10-28 14:01:24,2011-10-28 18:00:24
428,18,2017-10-29 06:01:10,2017-10-29 08:01:10
429,78,2021-02-22 22:01:26,2021-02-22 02:00:26
430,12,2019-09-28 06:01:39,2019-09-28 08:01:39
431,49,2023-01-05 14:01:02,2023-01-05 16:01:02
432,17,2011-12-30 06:01:40,2011-12-30 08:01:40
433,16,2018-10-11 22:01:49,2018-10-11 02:00:49
434,5,2017-10-08 14:01:16,2017-10-08 16:01:16
435,93,2024-02-13 14:01:39,2024-02-13 18:00:39
436,96,2019-11-11 22:01:53,2019-11-11 02:00:53
437,32,2014-08-20 06:01:38,2014-08-20 10:00:38
438,96,2019-03-24 22:01:26,2019-03-24 02:00:26
439,5,2018-01-02 14:01:56,2018-01-02 18:00:56
440,25,2015-02-05 14:01:40,2015-02-05 17:01:40
441,44,2021-10-01 06:01:28,2021-10-01 10:00:28
442,2,2015-03-08 22:01:15,2015-03-08 02:00:15
443,59,2023-03-07 22:01:04,2023-03-07 02:00:04
444,39,2020-06-28 22:01:27,2020-06-28 02:00:27
445,20,2011-04-21 14:01:36,2011-04-21 16:01:36
446,13,2020-05-21 06:01:02,2020-05-21 09:01:02
447,3,2014-12-15 22:01:21,2014-12-15 02:00:21
448,51,2012-06-02 22:01:59,2012-06-02 02:00:59
449,18,2012-08-13 14:01:40,2012-08-13 16:01:40
450,74,2020-05-12 22:01:56,2020-05-12 02:00:56
451,18,2023-03-22 06:01:27,2023-03-22 10:00:27
452,37,2022-07-10 14:01:40,2022-07-10 16:01:40
453,3,2014-08-07 22:01:18,2014-08-07 02:00:18
454,90,2015-03-20 14:01:58,2015-03-20 17:01:58
455,93,2019-01-03 14:01:57,2019-01-03 16:01:57
456,95,2018-05-02 22:01:33,2018-05-02 02:00:33
457,1,2013-10-22 06:01:19,2013-10-22 10:00:19
458,86,2014-02-22 22:01:48,2014-02-22 02:00:48
459,45,2013-09-20 06:01:44,2013-09-20 10:00:44
460,75,2011-04-06 14:01:51,2011-04-06 16:01:51
461,100,2020-09-24 06:01:34,2020-09-24 08:01:34
462,59,2012-08-10 06:01:53,2012-08-10 08:01:53
463,36,2023-06-18 06:01:28,2023-06-18 09:01:28
464,46,2015-03-20 22:01:51,2015-03-20 02:00:51
465,70,2022-10-09 14:01:07,2022-10-09 17:01:07
466,40,2014-03-04 06:01:14,2014-03-04 08:01:14
467,4,2015-10-10 14:01:58,2015-10-10 16:01:58
468,96,2023-10-10 06:01:44,2023-10-10 08:01:44
469,19,2014-01-22 14:01:46,2014-01-22 16:01:46
470,55,2013-04-29 06:01:52,2013-04-29 09:01:52
471,79,2020-03-16 06:01:20,2020-03-16 09:01:20
472,30,2018-08-25 22:01:17,2018-08-25 02:00:17
473,36,2022-01-19 06:01:10,2022-01-19 08:01:10
474,77,2019-07-01 22:01:35,2019-07-01 02:00:35
475,57,2021-08-01 22:01:40,2021-08-01 02:00:40
476,11,2012-08-16 14:01:27,2012-08-16 17:01:27
477,76,2018-11-29 06:01:15,2018-11-29 09:01:15
478,30,2015-08-13 06:01:21,2015-08-13 08:01:21
479,37,2017-12-13 22:01:56,2017-12-13 02:00:56
480,14,2014-11-19 14:01:59,2014-11-19 17:01:59
481,34,2017-01-15 06:01:30,2017-01-15 10:00:30
482,81,2019-02-01 22:01:09,2019-02-01 02:00:09
483,29,2018-07-13 22:01:16,2018-07-13 02:00:16
484,37,2013-02-24 06:01:41,2013-02-24 08:01:41
485,8,2017-03-07 06:01:43,2017-03-07 08:01:43
486,79,2011-06-29 14:01:23,2011-06-29 17:01:23
487,64,2011-07-19 22:01:41,2011-07-19 02:00:41
488,58,2013-05-25 14:01:35,2013-05-25 17:01:35
489,101,2019-02-06 14:01:45,2019-02-06 18:00:45
490,9,2023-12-01 14:01:11,2023-12-01 17:01:11
491,76,2011-05-15 22:01:46,2011-05-15 02:00:46
492,48,2012-08-30 14:01:18,2012-08-30 17:01:18
493,23,2011-01-26 06:01:40,2011-01-26 09:01:40
494,62,2014-12-08 06:01:01,2014-12-08 08:01:01
495,33,2012-04-04 14:01:03,2012-04-04 17:01:03
496,1,2016-07-10 06:01:50,2016-07-10 08:01:50
497,72,2021-02-17 06:01:46,2021-02-17 08:01:46
498,101,2020-10-20 22:01:43,2020-10-20 02:00:43
499,5,2016-03-25 06:01:30,2016-03-25 08:01:30
500,95,2024-02-17 14:01:33,2024-02-17 18:00:33
501,30,2024-01-13 06:01:00,2024-01-13 09:01:00
502,52,2021-05-17 14:01:20,2021-05-17 16:01:20
503,63,2019-04-26 06:01:58,2019-04-26 09:01:58
504,67,2010-12-03 06:01:27,2010-12-03 10:00:27
505,2,2015-10-06 22:01:19,2015-10-06 02:00:19
506,94,2014-01-05 22:01:07,2014-01-05 02:00:07
507,58,2016-12-31 06:01:43,2016-12-31 08:01:43
508,76,2015-10-31 06:01:12,2015-10-31 10:00:12
509,14,2020-06-19 14:01:44,2020-06-19 18:00:44
510,8,2023-06-06 14:01:17,2023-06-06 16:01:17
511,26,2013-04-02 22:01:21,2013-04-02 02:00:21
512,53,2021-10-13 14:01:50,2021-10-13 16:01:50
513,32,2021-07-21 06:01:21,2021-07-21 09:01:21
514,92,2010-12-26 06:01:45,2010-12-26 09:01:45
515,11,2018-07-25 06:01:59,2018-07-25 09:01:59
516,47,2018-02-07 22:01:31,2018-02-07 02:00:31
517,63,2015-07-22 14:01:20,2015-07-22 16:01:20
518,52,2015-07-19 06:01:43,2015-07-19 08:01:43
519,91,2020-11-11 06:01:24,2020-11-11 08:01:24
520,3,2011-03-12 22:01:23,2011-03-12 02:00:23
521,24,2014-03-29 14:01:35,2014-03-29 18:00:35
522,68,2012-06-25 22:01:39,2012-06-25 02:00:39
523,58,2019-04-16 14:01:27,2019-04-16 18:00:27
524,55,2015-07-06 22:01:03,2015-07-06 02:00:03
525,64,2013-05-03 06:01:40,2013-05-03 08:01:40
526,16,2016-08-24 22:01:34,2016-08-24 02:00:34
527,43,2011-01-23 06:01:25,2011-01-23 10:00:25
528,100,2021-01-04 06:01:53,2021-01-04 10:00:53
529,52,2015-01-20 06:01:02,2015-01-20 09:01:02
530,33,2022-12-03 14:01:47,2022-12-03 17:01:47
531,56,2022-10-08 06:01:03,2022-10-08 08:01:03
532,46,2022-07-17 22:01:10,2022-07-17 02:00:10
533,68,2012-01-12 06:01:48,2012-01-12 08:01:48
534,90,2016-12-23 14:01:54,2016-12-23 16:01:54
535,5,2017-01-16 06:01:17,2017-01-16 09:01:17
536,52,2022-11-03 14:01:48,2022-11-03 17:01:48
537,13,2014-01-07 14:01:05,2014-01-07 17:01:05
538,81,2017-09-15 22:01:57,2017-09-15 02:00:57
539,97,2015-06-01 06:01:58,2015-06-01 08:01:58
540,7,2023-08-05 14:01:52,2023-08-05 18:00:52
541,63,2017-10-02 22:01:07,2017-10-02 02:00:07
542,16,2020-11-14 14:01:35,2020-11-14 16:01:35
543,3,2023-05-04 22:01:10,2023-05-04 02:00:10
544,34,2017-04-22 22:01:43,2017-04-22 02:00:43
545,70,2024-07-01 22:01:05,2024-07-01 02:00:05
546,92,2013-09-19 22:01:08,2013-09-19 02:00:08
547,91,2012-06-27 22:01:34,2012-06-27 02:00:34
548,35,2015-01-25 22:01:26,2015-01-25 02:00:26
549,41,2023-09-12 06:01:04,2023-09-12 10:00:04
550,91,2014-11-29 06:01:08,2014-11-29 09:01:08
551,101,2021-10-12 06:01:39,2021-10-12 08:01:39
552,33,2011-01-21 22:01:53,2011-01-21 02:00:53
553,65,2017-11-20 06:01:04,2017-11-20 10:00:04
554,39,2011-08-19 22:01:12,2011-08-19 02:00:12
555,64,2022-10-04 14:01:35,2022-10-04 18:00:35
556,68,2022-06-04 14:01:59,2022-06-04 18:00:59
557,29,2011-05-27 22:01:43,2011-05-27 02:00:43
558,26,2013-10-04 14:01:44,2013-10-04 18:00:44
559,57,2015-01-26 22:01:31,2015-01-26 02:00:31
560,54,2012-04-03 14:01:59,2012-04-03 18:00:59
561,72,2013-09-25 22:01:36,2013-09-25 02:00:36
562,14,2011-03-21 14:01:04,2011-03-21 17:01:04
563,13,2019-03-15 06:01:18,2019-03-15 08:01:18
564,63,2023-05-18 14:01:05,2023-05-18 16:01:05
565,63,2013-01-30 14:01:28,2013-01-30 18:00:28
566,35,2016-11-14 06:01:06,2016-11-14 08:01:06
567,23,2010-12-01 14:01:12,2010-12-01 17:01:12
568,24,2017-04-19 06:01:48,2017-04-19 10:00:48
569,89,2018-01-30 22:01:43,2018-01-30 02:00:43
570,76,2020-02-20 22:01:00,2020-02-20 02:00:00
571,75,2014-08-23 22:01:16,2014-08-23 02:00:16
572,79,2011-04-08 14:01:51,2011-04-08 16:01:51
573,9,2021-11-14 22:01:56,2021-11-14 02:00:56
574,22,2014-01-03 14:01:53,2014-01-03 18:00:53
575,18,2017-05-29 06:01:49,2017-05-29 08:01:49
576,60,2024-07-06 06:01:58,2024-07-06 10:00:58
577,59,2018-12-14 22:01:50,2018-12-14 02:00:50
578,14,2013-09-21 06:01:08,2013-09-21 09:01:08
579,8,2014-11-13 06:01:28,2014-11-13 10:00:28
580,86,2013-06-05 22:01:44,2013-06-05 02:00:44
581,81,2022-01-21 22:01:54,2022-01-21 02:00:54
582,34,2023-08-29 06:01:16,2023-08-29 10:00:16
583,11,2014-05-03 06:01:38,2014-05-03 09:01:38
584,88,2011-02-24 22:01:21,2011-02-24 02:00:21
585,74,2013-02-07 22:01:09,2013-02-07 02:00:09
586,65,2023-12-12 22:01:58,2023-12-12 02:00:58
587,19,2020-08-23 06:01:09,2020-08-23 08:01:09
588,57,2012-10-29 06:01:04,2012-10-29 10:00:04
589,69,2011-05-15 22:01:45,2011-05-15 02:00:45
590,76,2014-05-24 14:01:08,2014-05-24 18:00:08
591,66,2024-02-15 06:01:04,2024-02-15 08:01:04
592,70,2018-03-30 14:01:26,2018-03-30 17:01:26
593,39,2013-10-13 22:01:31,2013-10-13 02:00:31
594,21,2014-07-03 06:01:24,2014-07-03 09:01:24
595,46,2024-08-08 22:01:43,2024-08-08 02:00:43
596,95,2021-10-29 06:01:21,2021-10-29 10:00:21
597,57,2012-12-21 22:01:57,2012-12-21 02:00:57
598,57,2022-11-02 06:01:56,2022-11-02 10:00:56
599,23,2018-12-02 06:01:11,2018-12-02 08:01:11
600,34,2014-09-28 22:01:55,2014-09-28 02:00:55
601,54,2021-07-16 14:01:36,2021-07-16 17:01:36
602,61,2023-07-10 22:01:07,2023-07-10 02:00:07
603,24,2021-10-19 06:01:49,2021-10-19 09:01:49
604,73,2013-09-15 06:01:52,2013-09-15 09:01:52
605,77,2015-12-03 14:01:55,2015-12-03 16:01:55
606,98,2016-01-24 22:01:00,2016-01-24 02:00:00
607,11,2020-06-16 06:01:26,2020-06-16 10:00:26
608,64,2018-05-28 22:01:21,2018-05-28 02:00:21
609,35,2012-09-18 06:01:10,2012-09-18 10:00:10
610,86,2019-10-03 14:01:13,2019-10-03 18:00:13
611,65,2013-01-01 06:01:33,2013-01-01 09:01:33
612,93,2023-09-05 14:01:55,2023-09-05 18:00:55
613,86,2011-11-22 14:01:51,2011-11-22 18:00:51
614,82,2013-02-19 06:01:24,2013-02-19 09:01:24
615,6,2015-09-30 22:01:17,2015-09-30 02:00:17
616,30,2015-09-30 22:01:28,2015-09-30 02:00:28
617,34,2016-03-13 06:01:55,2016-03-13 10:00:55
618,55,2018-09-06 06:01:20,2018-09-06 09:01:20
619,55,2023-12-25 06:01:03,2023-12-25 09:01:03
620,71,2013-10-24 22:01:32,2013-10-24 02:00:32
621,23,2014-08-10 14:01:11,2014-08-10 17:01:11
622,87,2014-02-24 22:01:58,2014-02-24 02:00:58
623,72,2018-06-25 06:01:34,2018-06-25 09:01:34
624,93,2014-05-15 14:01:22,2014-05-15 17:01:22
625,14,2024-09-10 14:01:29,2024-09-10 18:00:29
626,85,2012-08-25 22:01:19,2012-08-25 02:00:19
627,51,2024-02-22 06:01:53,2024-02-22 09:01:53
628,82,2015-10-15 06:01:39,2015-10-15 10:00:39
629,54,2014-08-07 22:01:50,2014-08-07 02:00:50
630,37,2016-10-16 22:01:56,2016-10-16 02:00:56
631,50,2020-02-08 22:01:43,2020-02-08 02:00:43
632,93,2019-06-30 14:01:08,2019-06-30 18:00:08
633,55,2012-05-08 06:01:31,2012-05-08 09:01:31
634,58,2011-08-07 22:01:03,2011-08-07 02:00:03
635,20,2011-09-19 06:01:54,2011-09-19 09:01:54
636,2,2022-07-25 06:01:28,2022-07-25 10:00:28
637,44,2011-02-26 06:01:08,2011-02-26 09:01:08
638,19,2016-05-12 06:01:38,2016-05-12 09:01:38
639,75,2022-11-10 06:01:17,2022-11-10 10:00:17
640,53,2013-02-04 14:01:12,2013-02-04 18:00:12
641,70,2015-04-17 06:01:48,2015-04-17 08:01:48
642,65,2017-03-30 22:01:56,2017-03-30 02:00:56
643,35,2023-07-22 22:01:36,2023-07-22 02:00:36
644,69,2022-02-09 22:01:40,2022-02-09 02:00:40
645,30,2015-07-12 22:01:52,2015-07-12 02:00:52
646,56,2011-06-12 06:01:42,2011-06-12 09:01:42
647,51,2018-10-30 14:01:13,2018-10-30 16:01:13
648,97,2020-10-02 22:01:01,2020-10-02 02:00:01
649,78,2017-04-30 22:01:08,2017-04-30 02:00:08
650,55,2016-01-29 06:01:36,2016-01-29 10:00:36
651,9,2014-09-08 06:01:06,2014-09-08 09:01:06
652,10,2023-01-28 06:01:06,2023-01-28 08:01:06
653,76,2018-02-20 22:01:38,2018-02-20 02:00:38
654,46,2017-07-23 22:01:12,2017-07-23 02:00:12
655,82,2024-01-30 06:01:02,2024-01-30 08:01:02
656,92,2014-04-27 14:01:02,2014-04-27 16:01:02
657,30,2011-01-10 06:01:30,2011-01-10 09:01:30
658,93,2012-02-19 14:01:42,2012-02-19 16:01:42
659,44,2014-05-21 06:01:45,2014-05-21 08:01:45
660,6,2013-10-27 14:01:16,2013-10-27 17:01:16
661,72,2011-12-12 22:01:02,2011-12-12 02:00:02
662,52,2022-10-18 14:01:55,2022-10-18 18:00:55
663,3,2013-08-25 06:01:46,2013-08-25 09:01:46
664,36,2018-08-27 14:01:11,2018-08-27 17:01:11
665,19,2018-11-17 14:01:00,2018-11-17 16:01:00
666,79,2017-05-23 06:01:10,2017-05-23 09:01:10
667,41,2016-10-08 22:01:50,2016-10-08 02:00:50
668,25,2015-01-18 22:01:03,2015-01-18 02:00:03
669,36,2014-02-17 06:01:47,2014-02-17 10:00:47
670,54,2019-04-27 14:01:48,2019-04-27 16:01:48
671,61,2012-09-12 22:01:18,2012-09-12 02:00:18
672,96,2018-02-21 06:01:53,2018-02-21 10:00:53
673,17,2016-03-30 22:01:00,2016-03-30 02:00:00
674,77,2016-01-24 22:01:20,2016-01-24 02:00:20
675,97,2017-08-12 22:01:33,2017-08-12 02:00:33
676,6,2011-11-17 22:01:42,2011-11-17 02:00:42
677,94,2017-01-01 06:01:34,2017-01-01 09:01:34
678,60,2022-09-14 22:01:06,2022-09-14 02:00:06
679,13,2021-01-06 14:01:05,2021-01-06 16:01:05
680,57,2019-08-27 14:01:46,2019-08-27 17:01:46
681,67,2016-03-31 06:01:32,2016-03-31 08:01:32
682,42,2015-08-04 22:01:07,2015-08-04 02:00:07
683,51,2023-06-12 22:01:37,2023-06-12 02:00:37
684,34,2011-06-07 22:01:13,2011-06-07 02:00:13
685,79,2019-10-26 22:01:46,2019-10-26 02:00:46
686,80,2012-07-09 06:01:56,2012-07-09 10:00:56
687,75,2020-05-14 14:01:58,2020-05-14 18:00:58
688,80,2012-10-09 22:01:28,2012-10-09 02:00:28
689,40,2020-04-18 22:01:27,2020-04-18 02:00:27
690,73,2012-11-12 14:01:50,2012-11-12 18:00:50
691,12,2016-03-08 14:01:58,2016-03-08 17:01:58
692,76,2015-08-18 14:01:45,2015-08-18 17:01:45
693,85,2018-11-07 06:01:03,2018-11-07 08:01:03
694,16,2021-02-11 22:01:59,2021-02-11 02:00:59
695,93,2010-11-23 22:01:47,2010-11-23 02:00:47
696,24,2016-03-28 06:01:58,2016-03-28 10:00:58
697,100,2022-10-17 14:01:32,2022-10-17 17:01:32
698,32,2022-06-25 22:01:50,2022-06-25 02:00:50
699,89,2011-11-13 06:01:05,2011-11-13 09:01:05
700,15,2024-03-17 06:01:45,2024-03-17 09:01:45
701,11,2010-11-04 14:01:40,2010-11-04 18:00:40
702,94,2014-12-15 06:01:37,2014-12-15 08:01:37
703,77,2017-07-22 22:01:36,2017-07-22 02:00:36
704,51,2012-08-13 06:01:13,2012-08-13 09:01:13
705,41,2019-09-28 06:01:33,2019-09-28 09:01:33
706,91,2013-09-07 22:01:46,2013-09-07 02:00:46
707,13,2019-09-07 22:01:19,2019-09-07 02:00:19
708,34,2021-11-12 14:01:58,2021-11-12 17:01:58
709,77,2022-10-28 06:01:16,2022-10-28 09:01:16
710,63,2021-01-28 06:01:27,2021-01-28 08:01:27
711,4,2013-09-21 22:01:21,2013-09-21 02:00:21
712,84,2015-02-22 22:01:58,2015-02-22 02:00:58
713,18,2014-06-07 14:01:36,2014-06-07 18:00:36
714,75,2021-09-20 14:01:44,2021-09-20 16:01:44
715,7,2018-02-01 14:01:16,2018-02-01 17:01:16
716,49,2012-10-02 22:01:46,2012-10-02 02:00:46
717,101,2018-03-21 22:01:54,2018-03-21 02:00:54
718,79,2019-05-30 14:01:14,2019-05-30 17:01:14
719,64,2015-05-02 14:01:11,2015-05-02 16:01:11
720,42,2023-07-29 14:01:14,2023-07-29 17:01:14
721,21,2020-08-05 06:01:29,2020-08-05 09:01:29
722,41,2011-02-26 14:01:12,2011-02-26 17:01:12
723,63,2013-11-06 14:01:59,2013-11-06 17:01:59
724,69,2020-07-28 06:01:49,2020-07-28 10:00:49
725,58,2015-08-03 14:01:51,2015-08-03 17:01:51
726,29,2011-07-31 06:01:55,2011-07-31 10:00:55
727,78,2013-05-09 06:01:25,2013-05-09 09:01:25
728,17,2021-05-09 06:01:51,2021-05-09 09:01:51
729,34,2020-05-27 14:01:37,2020-05-27 17:01:37
730,101,2017-10-10 06:01:46,2017-10-10 10:00:46
731,24,2011-03-19 14:01:11,2011-03-19 17:01:11
732,90,2018-09-28 14:01:20,2018-09-28 16:01:20
733,14,2015-05-09 14:01:29,2015-05-09 18:00:29
734,43,2013-04-18 22:01:35,2013-04-18 02:00:35
735,45,2011-12-04 06:01:07,2011-12-04 08:01:07
736,2,2015-08-22 22:01:02,2015-08-22 02:00:02
737,55,2011-07-19 06:01:39,2011-07-19 08:01:39
738,16,2021-01-14 06:01:45,2021-01-14 08:01:45
739,38,2014-01-31 06:01:01,2014-01-31 09:01:01
740,55,2013-05-03 14:01:36,2013-05-03 18:00:36
741,85,2023-03-08 14:01:22,2023-03-08 17:01:22
742,52,2023-11-18 06:01:50,2023-11-18 09:01:50
743,79,2024-03-05 06:01:41,2024-03-05 09:01:41
744,4,2019-12-27 06:01:09,2019-12-27 08:01:09
745,23,2011-04-09 14:01:35,2011-04-09 18:00:35
746,13,2022-08-24 06:01:34,2022-08-24 09:01:34
747,65,2022-06-07 14:01:36,2022-06-07 18:00:36
748,67,2023-02-17 22:01:34,2023-02-17 02:00:34
749,8,2012-10-17 06:01:54,2012-10-17 10:00:54
750,2,2021-05-16 06:01:34,2021-05-16 09:01:34
751,76,2017-06-03 22:01:29,2017-06-03 02:00:29
752,62,2023-10-15 22:01:31,2023-10-15 02:00:31
753,72,2023-01-25 06:01:07,2023-01-25 08:01:07
754,11,2023-04-23 06:01:31,2023-04-23 10:00:31
755,77,2022-01-26 14:01:45,2022-01-26 17:01:45
756,101,2016-08-31 06:01:09,2016-08-31 09:01:09
757,58,2012-03-29 06:01:10,2012-03-29 10:00:10
758,53,2015-06-09 14:01:59,2015-06-09 16:01:59
759,82,2021-04-13 14:01:25,2021-04-13 16:01:25
760,19,2024-08-06 22:01:31,2024-08-06 02:00:31
761,22,2015-09-06 06:01:44,2015-09-06 08:01:44
762,68,2016-07-20 14:01:37,2016-07-20 16:01:37
763,95,2018-05-05 14:01:17,2018-05-05 17:01:17
764,30,2023-01-28 14:01:08,2023-01-28 17:01:08
765,90,2015-08-14 22:01:09,2015-08-14 02:00:09
766,50,2016-04-24 22:01:44,2016-04-24 02:00:44
767,60,2015-11-02 22:01:54,2015-11-02 02:00:54
768,82,2014-05-06 06:01:55,2014-05-06 09:01:55
769,34,2021-12-06 22:01:30,2021-12-06 02:00:30
770,40,2020-12-04 06:01:16,2020-12-04 08:01:16
771,86,2013-11-11 22:01:58,2013-11-11 02:00:58
772,97,2020-07-15 06:01:55,2020-07-15 10:00:55
773,42,2015-09-16 14:01:23,2015-09-16 17:01:23
774,97,2020-01-19 14:01:05,2020-01-19 16:01:05
775,5,2011-12-18 22:01:51,2011-12-18 02:00:51
776,33,2019-02-06 14:01:30,2019-02-06 18:00:30
777,48,2022-12-05 14:01:55,2022-12-05 18:00:55
778,60,2018-11-21 14:01:19,2018-11-21 18:00:19
779,19,2010-09-28 06:01:24,2010-09-28 08:01:24
780,15,2016-02-04 06:01:02,2016-02-04 08:01:02
781,20,2015-10-19 22:01:05,2015-10-19 02:00:05
782,37,2015-05-29 22:01:32,2015-05-29 02:00:32
783,98,2012-12-12 22:01:39,2012-12-12 02:00:39
784,63,2023-12-14 22:01:02,2023-12-14 02:00:02
785,94,2019-10-24 06:01:47,2019-10-24 09:01:47
786,57,2017-12-21 14:01:33,2017-12-21 16:01:33
787,32,2023-05-05 22:01:03,2023-05-05 02:00:03
788,83,2019-03-30 22:01:09,2019-03-30 02:00:09
789,96,2015-10-10 06:01:03,2015-10-10 09:01:03
790,22,2014-11-14 06:01:06,2014-11-14 08:01:06
791,72,2016-04-30 22:01:15,2016-04-30 02:00:15
792,88,2015-04-19 06:01:41,2015-04-19 08:01:41
793,61,2024-09-12 14:01:04,2024-09-12 18:00:04
794,2,2021-03-02 22:01:33,2021-03-02 02:00:33
795,8,2016-12-12 06:01:43,2016-12-12 10:00:43
796,101,2017-03-20 14:01:07,2017-03-20 16:01:07
797,6,2013-02-25 14:01:46,2013-02-25 17:01:46
798,92,2020-10-08 22:01:02,2020-10-08 02:00:02
799,5,2011-06-28 14:01:58,2011-06-28 18:00:58
800,102,2024-03-01 06:01:03,2024-03-01 09:01:03
801,93,2023-05-09 22:01:17,2023-05-09 02:00:17
802,19,2014-07-11 14:01:08,2014-07-11 18:00:08
803,30,2016-04-27 14:01:37,2016-04-27 16:01:37
804,40,2017-08-24 06:01:57,2017-08-24 08:01:57
805,90,2010-12-16 22:01:33,2010-12-16 02:00:33
806,14,2017-07-30 22:01:19,2017-07-30 02:00:19
807,92,2011-04-05 14:01:55,2011-04-05 17:01:55
808,61,2023-11-05 22:01:01,2023-11-05 02:00:01
809,66,2012-05-31 06:01:58,2012-05-31 09:01:58
810,45,2021-10-02 06:01:09,2021-10-02 09:01:09
811,33,2022-08-02 14:01:52,2022-08-02 18:00:52
812,47,2019-02-14 14:01:11,2019-02-14 17:01:11
813,55,2017-12-05 06:01:10,2017-12-05 10:00:10
814,27,2021-06-21 22:01:19,2021-06-21 02:00:19
815,89,2021-05-21 06:01:21,2021-05-21 09:01:21
816,78,2019-06-28 22:01:28,2019-06-28 02:00:28
817,58,2019-11-30 22:01:48,2019-11-30 02:00:48
818,14,2011-09-20 06:01:43,2011-09-20 10:00:43
819,88,2023-03-23 22:01:44,2023-03-23 02:00:44
820,86,2023-02-04 14:01:51,2023-02-04 16:01:51
821,83,2013-01-22 22:01:03,2013-01-22 02:00:03
822,19,2017-01-12 22:01:54,2017-01-12 02:00:54
823,65,2017-07-01 22:01:16,2017-07-01 02:00:16
824,33,2021-07-23 22:01:10,2021-07-23 02:00:10
825,50,2011-02-05 22:01:19,2011-02-05 02:00:19
826,75,2018-09-03 14:01:57,2018-09-03 18:00:57
827,68,2012-11-29 22:01:12,2012-11-29 02:00:12
828,98,2016-03-06 22:01:57,2016-03-06 02:00:57
829,8,2019-09-26 14:01:19,2019-09-26 17:01:19
830,62,2011-03-05 22:01:24,2011-03-05 02:00:24
831,18,2011-07-01 14:01:19,2011-07-01 16:01:19
832,36,2015-08-10 14:01:23,2015-08-10 18:00:23
833,18,2020-02-09 14:01:26,2020-02-09 17:01:26
834,30,2013-03-29 06:01:12,2013-03-29 08:01:12
835,94,2017-01-12 22:01:47,2017-01-12 02:00:47
836,96,2015-02-21 14:01:31,2015-02-21 18:00:31
837,33,2015-12-20 06:01:23,2015-12-20 09:01:23
838,17,2021-05-09 06:01:34,2021-05-09 10:00:34
839,84,2016-09-20 06:01:10,2016-09-20 10:00:10
840,58,2021-10-14 06:01:56,2021-10-14 10:00:56
841,31,2014-01-08 06:01:57,2014-01-08 10:00:57
842,102,2014-06-24 06:01:42,2014-06-24 08:01:42
843,15,2012-02-10 22:01:48,2012-02-10 02:00:48
844,71,2015-01-23 14:01:23,2015-01-23 16:01:23
845,51,2020-01-25 06:01:08,2020-01-25 10:00:08
846,27,2013-08-22 06:01:51,2013-08-22 10:00:51
847,66,2018-07-09 06:01:16,2018-07-09 10:00:16
848,74,2024-01-14 22:01:38,2024-01-14 02:00:38
849,22,2019-05-03 06:01:54,2019-05-03 08:01:54
850,6,2019-09-03 06:01:22,2019-09-03 08:01:22
851,24,2017-03-14 06:01:56,2017-03-14 08:01:56
852,1,2020-07-16 06:01:06,2020-07-16 08:01:06
853,89,2021-07-08 22:01:05,2021-07-08 02:00:05
854,60,2014-03-10 14:01:01,2014-03-10 17:01:01
855,15,2021-09-13 06:01:09,2021-09-13 08:01:09
856,66,2019-11-01 22:01:00,2019-11-01 02:00:00
857,86,2012-07-05 22:01:51,2012-07-05 02:00:51
858,62,2019-05-15 22:01:33,2019-05-15 02:00:33
859,16,2010-11-29 06:01:07,2010-11-29 10:00:07
860,11,2014-08-28 14:01:12,2014-08-28 16:01:12
861,48,2013-06-04 14:01:45,2013-06-04 16:01:45
862,37,2014-10-17 06:01:37,2014-10-17 10:00:37
863,31,2017-09-26 22:01:20,2017-09-26 02:00:20
864,41,2016-11-26 22:01:15,2016-11-26 02:00:15
865,83,2018-08-05 06:01:11,2018-08-05 10:00:11
866,66,2012-06-14 06:01:15,2012-06-14 09:01:15
867,36,2015-09-19 14:01:04,2015-09-19 18:00:04
868,83,2013-08-16 06:01:52,2013-08-16 08:01:52
869,41,2020-02-04 14:01:34,2020-02-04 17:01:34
870,76,2020-05-19 14:01:07,2020-05-19 18:00:07
871,102,2022-01-22 06:01:20,2022-01-22 08:01:20
872,1,2023-10-31 06:01:14,2023-10-31 10:00:14
873,99,2022-03-26 06:01:00,2022-03-26 09:01:00
874,97,2023-10-09 14:01:51,2023-10-09 16:01:51
875,1,2012-11-13 14:01:38,2012-11-13 17:01:38
876,43,2011-05-04 22:01:08,2011-05-04 02:00:08
877,49,2019-12-30 14:01:27,2019-12-30 16:01:27
878,43,2017-03-22 06:01:13,2017-03-22 10:00:13
879,6,2023-04-17 14:01:38,2023-04-17 17:01:38
880,86,2015-01-15 14:01:57,2015-01-15 17:01:57
881,35,2021-04-05 06:01:27,2021-04-05 08:01:27
882,2,2015-12-14 22:01:38,2015-12-14 02:00:38
883,48,2012-08-14 14:01:18,2012-08-14 16:01:18
884,91,2024-08-04 06:01:28,2024-08-04 10:00:28
885,29,2012-03-01 14:01:28,2012-03-01 16:01:28
886,58,2017-07-20 22:01:34,2017-07-20 02:00:34
887,13,2023-01-06 14:01:06,2023-01-06 18:00:06
888,76,2012-12-16 14:01:48,2012-12-16 18:00:48
889,61,2022-10-02 06:01:26,2022-10-02 10:00:26
890,79,2022-05-09 06:01:18,2022-05-09 09:01:18
891,99,2022-06-24 22:01:33,2022-06-24 02:00:33
892,56,2010-12-14 14:01:38,2010-12-14 18:00:38
893,26,2014-07-24 14:01:18,2014-07-24 18:00:18
894,19,2017-08-29 14:01:00,2017-08-29 18:00:00
895,93,2014-02-15 22:01:56,2014-02-15 02:00:56
896,80,2016-09-11 14:01:35,2016-09-11 16:01:35
897,50,2019-09-12 22:01:50,2019-09-12 02:00:50
898,101,2019-01-01 06:01:52,2019-01-01 10:00:52
899,30,2018-10-21 22:01:19,2018-10-21 02:00:19
900,72,2015-06-02 22:01:54,2015-06-02 02:00:54
901,82,2020-06-13 22:01:14,2020-06-13 02:00:14
902,61,2021-06-17 22:01:26,2021-06-17 02:00:26
903,85,2015-05-29 22:01:15,2015-05-29 02:00:15
904,101,2011-12-23 22:01:58,2011-12-23 02:00:58
905,47,2014-09-06 06:01:38,2014-09-06 09:01:38
906,76,2013-04-08 14:01:28,2013-04-08 16:01:28
907,47,2023-07-03 14:01:03,2023-07-03 16:01:03
908,73,2011-12-25 14:01:06,2011-12-25 17:01:06
909,3,2018-10-09 22:01:54,2018-10-09 02:00:54
910,31,2023-06-19 06:01:07,2023-06-19 08:01:07
911,12,2015-08-08 06:01:29,2015-08-08 09:01:29
912,90,2016-05-29 14:01:36,2016-05-29 17:01:36
913,81,2016-04-23 22:01:18,2016-04-23 02:00:18
914,72,2015-06-04 06:01:00,2015-06-04 09:01:00
915,2,2012-06-26 14:01:52,2012-06-26 16:01:52
916,71,2013-01-07 06:01:04,2013-01-07 10:00:04
917,48,2015-07-15 06:01:36,2015-07-15 08:01:36
918,101,2012-02-24 14:01:06,2012-02-24 17:01:06
919,43,2020-09-30 22:01:33,2020-09-30 02:00:33
920,16,2013-09-03 14:01:31,2013-09-03 17:01:31
921,59,2023-08-25 14:01:34,2023-08-25 18:00:34
922,12,2013-06-11 22:01:54,2013-06-11 02:00:54
923,18,2019-10-01 14:01:02,2019-10-01 17:01:02
924,50,2020-03-08 22:01:09,2020-03-08 02:00:09
925,101,2015-08-28 06:01:09,2015-08-28 08:01:09
926,70,2014-11-17 22:01:28,2014-11-17 02:00:28
927,71,2016-01-01 06:01:46,2016-01-01 09:01:46
928,12,2019-10-18 22:01:53,2019-10-18 02:00:53
929,76,2022-11-15 14:01:23,2022-11-15 16:01:23
930,56,2015-12-02 14:01:50,2015-12-02 16:01:50
931,21,2013-11-10 06:01:46,2013-11-10 10:00:46
932,62,2022-05-27 14:01:42,2022-05-27 18:00:42
933,76,2013-11-08 06:01:49,2013-11-08 09:01:49
934,7,2020-08-29 22:01:38,2020-08-29 02:00:38
935,93,2015-01-04 22:01:11,2015-01-04 02:00:11
936,35,2019-05-20 06:01:07,2019-05-20 08:01:07
937,71,2023-02-19 14:01:26,2023-02-19 18:00:26
938,38,2021-10-03 14:01:44,2021-10-03 17:01:44
939,6,2024-01-29 14:01:19,2024-01-29 17:01:19
940,100,2021-10-29 22:01:31,2021-10-29 02:00:31
941,1,2019-12-29 22:01:06,2019-12-29 02:00:06
942,17,2012-03-18 14:01:42,2012-03-18 17:01:42
943,1,2011-05-04 22:01:11,2011-05-04 02:00:11
944,3,2017-01-21 22:01:33,2017-01-21 02:00:33
945,9,2011-08-24 22:01:49,2011-08-24 02:00:49
946,29,2021-07-13 22:01:35,2021-07-13 02:00:35
947,53,2023-11-18 14:01:11,2023-11-18 16:01:11
948,59,2018-05-29 06:01:16,2018-05-29 08:01:16
949,18,2014-01-01 14:01:19,2014-01-01 17:01:19
950,23,2016-08-30 22:01:58,2016-08-30 02:00:58
951,72,2022-02-27 22:01:41,2022-02-27 02:00:41
952,93,2017-01-09 14:01:31,2017-01-09 16:01:31
953,8,2018-02-05 06:01:25,2018-02-05 09:01:25
954,67,2013-08-28 22:01:07,2013-08-28 02:00:07
955,24,2023-02-15 06:01:00,2023-02-15 10:00:00
956,34,2018-08-16 22:01:36,2018-08-16 02:00:36
957,31,2019-06-10 06:01:57,2019-06-10 08:01:57
958,54,2011-05-05 06:01:26,2011-05-05 09:01:26
959,70,2020-02-12 14:01:59,2020-02-12 16:01:59
960,62,2016-11-22 06:01:33,2016-11-22 08:01:33
961,101,2021-12-05 14:01:50,2021-12-05 18:00:50
962,83,2013-11-22 22:01:14,2013-11-22 02:00:14
963,12,2021-01-14 06:01:25,2021-01-14 10:00:25
964,48,2017-01-19 06:01:40,2017-01-19 10:00:40
965,23,2015-05-23 14:01:23,2015-05-23 16:01:23
966,85,2016-04-19 06:01:19,2016-04-19 09:01:19
967,24,2020-08-29 14:01:27,2020-08-29 16:01:27
968,96,2019-01-12 06:01:28,2019-01-12 10:00:28
969,47,2017-02-11 06:01:57,2017-02-11 09:01:57
970,7,2017-05-04 22:01:50,2017-05-04 02:00:50
971,26,2021-05-22 06:01:55,2021-05-22 08:01:55
972,60,2012-07-29 06:01:04,2012-07-29 09:01:04
973,76,2022-09-06 14:01:33,2022-09-06 18:00:33
974,2,2022-06-25 06:01:12,2022-06-25 09:01:12
975,33,2021-01-24 22:01:49,2021-01-24 02:00:49
976,12,2018-07-22 22:01:20,2018-07-22 02:00:20
977,101,2021-03-19 14:01:24,2021-03-19 18:00:24
978,92,2017-06-16 14:01:31,2017-06-16 18:00:31
979,38,2017-09-21 06:01:09,2017-09-21 10:00:09
980,19,2022-04-15 22:01:19,2022-04-15 02:00:19
981,60,2017-12-08 14:01:48,2017-12-08 18:00:48
982,72,2018-10-11 22:01:31,2018-10-11 02:00:31
983,53,2012-08-06 14:01:26,2012-08-06 16:01:26
984,77,2021-05-18 14:01:44,2021-05-18 17:01:44
985,61,2016-05-28 06:01:37,2016-05-28 09:01:37
986,94,2019-10-14 06:01:57,2019-10-14 10:00:57
987,102,2011-07-03 22:01:28,2011-07-03 02:00:28
988,19,2010-10-17 14:01:01,2010-10-17 16:01:01
989,40,2014-08-09 22:01:48,2014-08-09 02:00:48
990,28,2022-07-30 22:01:41,2022-07-30 02:00:41
991,5,2022-12-18 14:01:20,2022-12-18 17:01:20
992,6,2015-01-17 06:01:47,2015-01-17 09:01:47
993,100,2019-08-31 22:01:05,2019-08-31 02:00:05
994,79,2023-12-31 14:01:36,2023-12-31 16:01:36
995,88,2015-05-18 06:01:45,2015-05-18 08:01:45
996,60,2019-06-05 14:01:32,2019-06-05 16:01:32
997,101,2018-10-31 22:01:07,2018-10-31 02:00:07
998,57,2022-02-02 14:01:19,2022-02-02 18:00:19
999,98,2014-08-17 06:01:46,2014-08-17 09:01:46
1000,20,2021-05-12 14:01:20,2021-05-12 18:00:20
