ShiftID,EmployeeID,ShiftName,ShiftStartDateTime,ShiftEndDateTime
1,62,Night,2012-08-17 22:01:42,2012-08-17 06:00:42
2,19,Morning,2023-09-26 06:01:23,2023-09-26 14:00:23
3,64,Morning,2011-04-12 06:01:00,2011-04-12 13:01:00
4,63,Morning,2021-11-29 06:01:27,2021-11-29 12:01:27
5,81,Morning,2021-04-20 06:01:35,2021-04-20 12:01:35
6,81,Afternoon,2015-03-04 14:01:56,2015-03-04 22:00:56
7,55,Night,2023-08-25 22:01:49,2023-08-25 06:00:49
8,77,Morning,2014-11-01 06:01:30,2014-11-01 14:00:30
9,37,Afternoon,2016-12-23 14:01:26,2016-12-23 20:01:26
10,89,Morning,2014-10-14 06:01:02,2014-10-14 12:01:02
11,73,Afternoon,2014-07-11 14:01:41,2014-07-11 18:01:41
12,3,Afternoon,2022-05-26 14:01:58,2022-05-26 20:01:58
13,54,Morning,2012-07-28 06:01:52,2012-07-28 11:01:52
14,42,Night,2011-06-08 22:01:25,2011-06-08 06:00:25
15,41,Night,2023-06-29 22:01:44,2023-06-29 06:00:44
16,101,Afternoon,2015-02-23 14:01:32,2015-02-23 22:00:32
17,44,Night,2020-10-11 22:01:15,2020-10-11 06:00:15
18,90,Morning,2022-06-16 06:01:14,2022-06-16 11:01:14
19,42,Night,2017-10-16 22:01:56,2017-10-16 06:00:56
20,30,Night,2022-06-26 22:01:27,2022-06-26 06:00:27
21,79,Morning,2020-08-01 06:01:18,2020-08-01 11:01:18
22,63,Night,2019-03-20 22:01:27,2019-03-20 06:00:27
23,3,Afternoon,2023-08-28 14:01:48,2023-08-28 22:00:48
24,13,Afternoon,2017-11-23 14:01:48,2017-11-23 19:01:48
25,80,Afternoon,2013-04-14 14:01:03,2013-04-14 18:01:03
26,68,Afternoon,2019-10-12 14:01:36,2019-10-12 21:01:36
27,78,Night,2019-01-23 22:01:52,2019-01-23 06:00:52
28,9,Afternoon,2016-03-10 14:01:07,2016-03-10 21:01:07
29,100,Morning,2019-11-02 06:01:25,2019-11-02 12:01:25
30,92,Morning,2016-08-23 06:01:55,2016-08-23 12:01:55
31,100,Morning,2014-07-03 06:01:50,2014-07-03 13:01:50
32,32,Morning,2020-05-03 06:01:16,2020-05-03 10:01:16
33,42,Afternoon,2013-10-06 14:01:02,2013-10-06 22:00:02
34,62,Night,2011-09-15 22:01:47,2011-09-15 06:00:47
35,101,Afternoon,2012-07-18 14:01:08,2012-07-18 20:01:08
36,63,Afternoon,2010-12-12 14:01:38,2010-12-12 22:00:38
37,69,Morning,2022-11-18 06:01:39,2022-11-18 11:01:39
38,77,Night,2023-05-26 22:01:27,2023-05-26 06:00:27
39,38,Night,2012-03-26 22:01:31,2012-03-26 06:00:31
40,95,Morning,2024-02-18 06:01:45,2024-02-18 14:00:45
41,65,Afternoon,2021-04-07 14:01:07,2021-04-07 19:01:07
42,102,Afternoon,2015-04-25 14:01:22,2015-04-25 21:01:22
43,90,Morning,2012-07-17 06:01:56,2012-07-17 12:01:56
44,34,Morning,2019-12-27 06:01:23,2019-12-27 11:01:23
45,38,Morning,2023-08-12 06:01:08,2023-08-12 10:01:08
46,84,Night,2012-11-28 22:01:04,2012-11-28 06:00:04
47,11,Afternoon,2018-06-23 14:01:22,2018-06-23 21:01:22
48,100,Morning,2022-06-21 06:01:16,2022-06-21 13:01:16
49,81,Afternoon,2014-02-17 14:01:12,2014-02-17 22:00:12
50,21,Night,2017-03-24 22:01:34,2017-03-24 06:00:34
51,98,Afternoon,2010-11-18 14:01:07,2010-11-18 18:01:07
52,36,Afternoon,2024-08-28 14:01:55,2024-08-28 20:01:55
53,26,Night,2017-08-03 22:01:51,2017-08-03 06:00:51
54,59,Afternoon,2020-03-27 14:01:02,2020-03-27 19:01:02
55,76,Morning,2020-05-14 06:01:24,2020-05-14 12:01:24
56,3,Morning,2015-05-02 06:01:03,2015-05-02 10:01:03
57,42,Night,2010-10-17 22:01:13,2010-10-17 06:00:13
58,48,Morning,2011-09-29 06:01:01,2011-09-29 12:01:01
59,93,Afternoon,2019-10-02 14:01:24,2019-10-02 22:00:24
60,4,Night,2021-06-13 22:01:33,2021-06-13 06:00:33
61,83,Afternoon,2012-09-05 14:01:46,2012-09-05 21:01:46
62,23,Afternoon,2020-09-15 14:01:11,2020-09-15 22:00:11
63,98,Morning,2014-05-07 06:01:10,2014-05-07 12:01:10
64,42,Night,2024-01-29 22:01:25,2024-01-29 06:00:25
65,6,Night,2016-05-14 22:01:17,2016-05-14 06:00:17
66,93,Night,2022-06-02 22:01:27,2022-06-02 06:00:27
67,64,Morning,2017-12-07 06:01:06,2017-12-07 10:01:06
68,18,Morning,2022-09-12 06:01:30,2022-09-12 10:01:30
69,67,Morning,2012-08-06 06:01:03,2012-08-06 11:01:03
70,12,Afternoon,2021-01-09 14:01:18,2021-01-09 20:01:18
71,44,Morning,2024-02-05 06:01:43,2024-02-05 13:01:43
72,44,Morning,2011-08-16 06:01:55,2011-08-16 13:01:55
73,52,Night,2016-05-27 22:01:25,2016-05-27 06:00:25
74,68,Afternoon,2012-11-15 14:01:17,2012-11-15 21:01:17
75,89,Morning,2011-02-02 06:01:50,2011-02-02 14:00:50
76,12,Morning,2013-12-15 06:01:57,2013-12-15 13:01:57
77,21,Morning,2020-02-16 06:01:54,2020-02-16 12:01:54
78,30,Morning,2018-01-03 06:01:36,2018-01-03 10:01:36
79,83,Night,2024-08-09 22:01:58,2024-08-09 06:00:58
80,4,Morning,2019-02-05 06:01:01,2019-02-05 11:01:01
81,62,Morning,2022-02-22 06:01:03,2022-02-22 10:01:03
82,29,Morning,2023-03-17 06:01:59,2023-03-17 11:01:59
83,18,Night,2022-12-16 22:01:57,2022-12-16 06:00:57
84,42,Afternoon,2023-06-19 14:01:15,2023-06-19 21:01:15
85,3,Night,2015-09-26 22:01:25,2015-09-26 06:00:25
86,64,Morning,2019-05-19 06:01:37,2019-05-19 13:01:37
87,71,Morning,2020-06-14 06:01:13,2020-06-14 10:01:13
88,26,Night,2019-10-01 22:01:00,2019-10-01 06:00:00
89,27,Morning,2020-03-10 06:01:01,2020-03-10 14:00:01
90,63,Morning,2013-04-04 06:01:18,2013-04-04 12:01:18
91,90,Morning,2022-12-29 06:01:01,2022-12-29 14:00:01
92,48,Night,2011-08-08 22:01:48,2011-08-08 06:00:48
93,51,Morning,2015-02-21 06:01:00,2015-02-21 11:01:00
94,69,Morning,2017-01-01 06:01:58,2017-01-01 14:00:58
95,37,Afternoon,2015-09-12 14:01:19,2015-09-12 22:00:19
96,48,Night,2016-01-24 22:01:35,2016-01-24 06:00:35
97,21,Morning,2015-10-26 06:01:01,2015-10-26 14:00:01
98,33,Afternoon,2020-05-30 14:01:35,2020-05-30 19:01:35
99,42,Afternoon,2021-01-03 14:01:00,2021-01-03 21:01:00
100,16,Night,2021-11-17 22:01:19,2021-11-17 06:00:19
101,58,Morning,2015-03-06 06:01:54,2015-03-06 13:01:54
102,78,Night,2023-04-15 22:01:16,2023-04-15 06:00:16
103,99,Afternoon,2012-12-06 14:01:06,2012-12-06 19:01:06
104,24,Morning,2021-01-14 06:01:45,2021-01-14 10:01:45
105,50,Morning,2019-04-03 06:01:31,2019-04-03 11:01:31
106,26,Night,2021-10-26 22:01:06,2021-10-26 06:00:06
107,89,Night,2022-11-05 22:01:20,2022-11-05 06:00:20
108,76,Afternoon,2010-12-07 14:01:39,2010-12-07 20:01:39
109,60,Morning,2019-06-24 06:01:38,2019-06-24 11:01:38
110,73,Afternoon,2020-05-27 14:01:26,2020-05-27 19:01:26
111,66,Morning,2018-06-01 06:01:54,2018-06-01 12:01:54
112,2,Morning,2010-11-05 06:01:40,2010-11-05 11:01:40
113,43,Morning,2013-10-29 06:01:31,2013-10-29 13:01:31
114,93,Afternoon,2012-04-06 14:01:20,2012-04-06 20:01:20
115,59,Afternoon,2021-02-01 14:01:14,2021-02-01 22:00:14
116,97,Morning,2022-04-20 06:01:14,2022-04-20 13:01:14
117,62,Night,2023-11-03 22:01:02,2023-11-03 06:00:02
118,37,Night,2024-01-16 22:01:17,2024-01-16 06:00:17
119,10,Night,2014-09-15 22:01:31,2014-09-15 06:00:31
120,1,Morning,2012-07-03 06:01:44,2012-07-03 14:00:44
121,7,Morning,2013-08-14 06:01:09,2013-08-14 12:01:09
122,1,Afternoon,2019-05-16 14:01:44,2019-05-16 21:01:44
123,49,Night,2014-06-27 22:01:22,2014-06-27 06:00:22
124,21,Morning,2021-06-14 06:01:19,2021-06-14 10:01:19
125,48,Morning,2016-07-06 06:01:43,2016-07-06 11:01:43
126,55,Night,2020-04-05 22:01:41,2020-04-05 06:00:41
127,10,Afternoon,2012-07-27 14:01:10,2012-07-27 21:01:10
128,84,Morning,2019-08-03 06:01:28,2019-08-03 12:01:28
129,99,Morning,2015-04-01 06:01:37,2015-04-01 10:01:37
130,39,Morning,2014-10-04 06:01:44,2014-10-04 12:01:44
131,59,Morning,2018-12-03 06:01:38,2018-12-03 10:01:38
132,82,Night,2015-06-06 22:01:31,2015-06-06 06:00:31
133,61,Morning,2020-02-21 06:01:37,2020-02-21 10:01:37
134,15,Morning,2013-02-10 06:01:39,2013-02-10 11:01:39
135,59,Night,2015-06-21 22:01:39,2015-06-21 06:00:39
136,35,Afternoon,2016-09-25 14:01:43,2016-09-25 18:01:43
137,90,Night,2023-08-07 22:01:41,2023-08-07 06:00:41
138,9,Night,2021-11-09 22:01:48,2021-11-09 06:00:48
139,28,Morning,2010-10-17 06:01:51,2010-10-17 13:01:51
140,87,Afternoon,2011-01-05 14:01:49,2011-01-05 18:01:49
141,5,Afternoon,2011-05-09 14:01:33,2011-05-09 21:01:33
142,60,Afternoon,2022-02-10 14:01:45,2022-02-10 19:01:45
143,2,Night,2018-06-10 22:01:03,2018-06-10 06:00:03
144,85,Morning,2014-05-22 06:01:28,2014-05-22 12:01:28
145,91,Afternoon,2019-02-11 14:01:02,2019-02-11 21:01:02
146,26,Afternoon,2017-06-07 14:01:20,2017-06-07 18:01:20
147,86,Afternoon,2011-04-28 14:01:10,2011-04-28 19:01:10
148,31,Night,2016-11-17 22:01:45,2016-11-17 06:00:45
149,1,Night,2017-08-26 22:01:20,2017-08-26 06:00:20
150,73,Afternoon,2024-09-10 14:01:43,2024-09-10 22:00:43
151,90,Afternoon,2019-08-17 14:01:24,2019-08-17 19:01:24
152,92,Night,2019-04-16 22:01:47,2019-04-16 06:00:47
153,37,Afternoon,2014-09-30 14:01:50,2014-09-30 18:01:50
154,77,Afternoon,2010-12-04 14:01:49,2010-12-04 21:01:49
155,61,Night,2017-05-04 22:01:09,2017-05-04 06:00:09
156,48,Night,2023-02-25 22:01:45,2023-02-25 06:00:45
157,93,Night,2019-08-14 22:01:03,2019-08-14 06:00:03
158,19,Afternoon,2020-03-31 14:01:06,2020-03-31 20:01:06
159,53,Morning,2013-07-10 06:01:15,2013-07-10 14:00:15
160,52,Afternoon,2023-11-01 14:01:17,2023-11-01 21:01:17
161,45,Afternoon,2015-06-01 14:01:47,2015-06-01 19:01:47
162,87,Afternoon,2019-04-27 14:01:07,2019-04-27 22:00:07
163,53,Afternoon,2018-01-22 14:01:31,2018-01-22 21:01:31
164,12,Night,2019-01-19 22:01:37,2019-01-19 06:00:37
165,18,Afternoon,2024-05-15 14:01:17,2024-05-15 20:01:17
166,83,Afternoon,2023-06-06 14:01:56,2023-06-06 21:01:56
167,97,Night,2024-05-21 22:01:40,2024-05-21 06:00:40
168,6,Afternoon,2014-12-13 14:01:00,2014-12-13 22:00:00
169,81,Morning,2015-07-22 06:01:19,2015-07-22 14:00:19
170,44,Night,2015-08-01 22:01:40,2015-08-01 06:00:40
171,74,Morning,2012-04-26 06:01:12,2012-04-26 11:01:12
172,89,Afternoon,2013-04-05 14:01:18,2013-04-05 18:01:18
173,54,Morning,2024-04-11 06:01:07,2024-04-11 14:00:07
174,70,Morning,2010-12-03 06:01:47,2010-12-03 14:00:47
175,14,Night,2012-05-10 22:01:57,2012-05-10 06:00:57
176,33,Night,2012-05-27 22:01:17,2012-05-27 06:00:17
177,95,Morning,2014-11-22 06:01:23,2014-11-22 12:01:23
178,63,Morning,2020-08-11 06:01:56,2020-08-11 12:01:56
179,94,Afternoon,2012-06-23 14:01:03,2012-06-23 22:00:03
180,51,Night,2023-10-27 22:01:01,2023-10-27 06:00:01
181,29,Night,2014-01-30 22:01:31,2014-01-30 06:00:31
182,96,Afternoon,2024-04-17 14:01:14,2024-04-17 18:01:14
183,29,Night,2013-09-19 22:01:03,2013-09-19 06:00:03
184,20,Night,2018-03-26 22:01:06,2018-03-26 06:00:06
185,92,Morning,2018-06-03 06:01:13,2018-06-03 14:00:13
186,14,Afternoon,2016-03-20 14:01:13,2016-03-20 19:01:13
187,10,Night,2021-06-23 22:01:47,2021-06-23 06:00:47
188,31,Afternoon,2020-02-20 14:01:10,2020-02-20 20:01:10
189,27,Night,2017-11-27 22:01:19,2017-11-27 06:00:19
190,25,Morning,2019-01-21 06:01:40,2019-01-21 10:01:40
191,4,Afternoon,2015-12-16 14:01:35,2015-12-16 18:01:35
192,27,Morning,2022-02-08 06:01:02,2022-02-08 10:01:02
193,9,Afternoon,2020-05-03 14:01:45,2020-05-03 21:01:45
194,16,Afternoon,2021-04-07 14:01:43,2021-04-07 20:01:43
195,85,Afternoon,2023-03-10 14:01:03,2023-03-10 18:01:03
196,90,Night,2016-04-13 22:01:56,2016-04-13 06:00:56
197,44,Afternoon,2024-03-13 14:01:34,2024-03-13 20:01:34
198,27,Afternoon,2024-02-20 14:01:41,2024-02-20 21:01:41
199,80,Night,2016-01-01 22:01:40,2016-01-01 06:00:40
200,82,Night,2011-10-30 22:01:45,2011-10-30 06:00:45
201,6,Night,2018-06-20 22:01:04,2018-06-20 06:00:04
202,5,Afternoon,2014-10-10 14:01:57,2014-10-10 20:01:57
203,45,Morning,2020-02-29 06:01:36,2020-02-29 12:01:36
204,90,Afternoon,2011-09-03 14:01:04,2011-09-03 21:01:04
205,97,Night,2018-01-08 22:01:23,2018-01-08 06:00:23
206,55,Night,2024-04-05 22:01:53,2024-04-05 06:00:53
207,80,Afternoon,2023-12-29 14:01:14,2023-12-29 21:01:14
208,4,Afternoon,2021-03-07 14:01:06,2021-03-07 18:01:06
209,63,Morning,2022-05-22 06:01:45,2022-05-22 13:01:45
210,33,Night,2022-10-02 22:01:53,2022-10-02 06:00:53
211,11,Morning,2019-10-18 06:01:29,2019-10-18 10:01:29
212,59,Afternoon,2021-01-01 14:01:28,2021-01-01 20:01:28
213,31,Night,2017-04-12 22:01:23,2017-04-12 06:00:23
214,5,Afternoon,2022-12-31 14:01:16,2022-12-31 20:01:16
215,71,Night,2018-09-26 22:01:31,2018-09-26 06:00:31
216,28,Night,2022-08-04 22:01:49,2022-08-04 06:00:49
217,13,Morning,2010-12-15 06:01:01,2010-12-15 11:01:01
218,76,Night,2014-11-15 22:01:18,2014-11-15 06:00:18
219,65,Afternoon,2021-04-18 14:01:07,2021-04-18 18:01:07
220,65,Morning,2018-02-19 06:01:30,2018-02-19 13:01:30
221,36,Night,2016-04-08 22:01:46,2016-04-08 06:00:46
222,50,Night,2015-08-03 22:01:13,2015-08-03 06:00:13
223,33,Night,2020-07-24 22:01:03,2020-07-24 06:00:03
224,90,Night,2019-03-19 22:01:35,2019-03-19 06:00:35
225,23,Afternoon,2015-07-11 14:01:50,2015-07-11 20:01:50
226,21,Morning,2023-01-16 06:01:30,2023-01-16 12:01:30
227,77,Afternoon,2013-02-15 14:01:39,2013-02-15 21:01:39
228,15,Night,2018-09-20 22:01:09,2018-09-20 06:00:09
229,10,Morning,2024-02-11 06:01:59,2024-02-11 13:01:59
230,63,Morning,2012-01-20 06:01:57,2012-01-20 10:01:57
231,50,Night,2024-02-26 22:01:02,2024-02-26 06:00:02
232,99,Afternoon,2020-10-07 14:01:13,2020-10-07 18:01:13
233,39,Morning,2020-01-31 06:01:38,2020-01-31 11:01:38
234,44,Night,2023-08-21 22:01:14,2023-08-21 06:00:14
235,64,Morning,2018-05-24 06:01:22,2018-05-24 13:01:22
236,90,Morning,2023-05-11 06:01:25,2023-05-11 10:01:25
237,22,Morning,2014-10-19 06:01:19,2014-10-19 11:01:19
238,95,Night,2012-06-01 22:01:36,2012-06-01 06:00:36
239,4,Afternoon,2014-04-13 14:01:40,2014-04-13 21:01:40
240,47,Night,2012-01-19 22:01:56,2012-01-19 06:00:56
241,3,Night,2018-09-13 22:01:46,2018-09-13 06:00:46
242,89,Afternoon,2012-08-08 14:01:53,2012-08-08 22:00:53
243,14,Afternoon,2020-01-09 14:01:13,2020-01-09 21:01:13
244,5,Afternoon,2013-05-13 14:01:13,2013-05-13 21:01:13
245,72,Night,2020-07-06 22:01:01,2020-07-06 06:00:01
246,9,Morning,2017-12-13 06:01:34,2017-12-13 10:01:34
247,34,Night,2017-02-07 22:01:31,2017-02-07 06:00:31
248,61,Afternoon,2017-07-25 14:01:04,2017-07-25 22:00:04
249,32,Morning,2016-03-07 06:01:22,2016-03-07 10:01:22
250,4,Morning,2016-12-29 06:01:20,2016-12-29 10:01:20
251,74,Morning,2011-04-09 06:01:57,2011-04-09 11:01:57
252,58,Night,2014-12-22 22:01:23,2014-12-22 06:00:23
253,48,Night,2019-12-29 22:01:37,2019-12-29 06:00:37
254,62,Morning,2020-10-06 06:01:24,2020-10-06 11:01:24
255,75,Afternoon,2018-04-14 14:01:55,2018-04-14 18:01:55
256,72,Morning,2017-08-28 06:01:52,2017-08-28 11:01:52
257,26,Morning,2015-09-01 06:01:05,2015-09-01 12:01:05
258,18,Night,2019-03-16 22:01:29,2019-03-16 06:00:29
259,2,Afternoon,2015-12-15 14:01:22,2015-12-15 18:01:22
260,66,Morning,2012-07-29 06:01:48,2012-07-29 10:01:48
261,68,Night,2017-09-17 22:01:41,2017-09-17 06:00:41
262,75,Night,2021-06-15 22:01:36,2021-06-15 06:00:36
263,39,Morning,2022-02-12 06:01:38,2022-02-12 12:01:38
264,32,Afternoon,2021-01-17 14:01:07,2021-01-17 19:01:07
265,25,Night,2011-08-05 22:01:10,2011-08-05 06:00:10
266,62,Afternoon,2014-05-06 14:01:59,2014-05-06 19:01:59
267,13,Morning,2017-12-27 06:01:14,2017-12-27 13:01:14
268,71,Night,2013-04-09 22:01:59,2013-04-09 06:00:59
269,10,Morning,2022-02-21 06:01:50,2022-02-21 11:01:50
270,66,Morning,2024-02-11 06:01:43,2024-02-11 10:01:43
271,62,Night,2020-06-07 22:01:07,2020-06-07 06:00:07
272,73,Morning,2015-11-25 06:01:47,2015-11-25 11:01:47
273,81,Afternoon,2022-04-02 14:01:36,2022-04-02 20:01:36
274,29,Afternoon,2018-07-19 14:01:44,2018-07-19 21:01:44
275,8,Afternoon,2012-07-01 14:01:18,2012-07-01 18:01:18
276,42,Afternoon,2022-08-11 14:01:44,2022-08-11 18:01:44
277,25,Night,2024-05-25 22:01:22,2024-05-25 06:00:22
278,51,Afternoon,2016-06-22 14:01:33,2016-06-22 22:00:33
279,29,Night,2013-08-24 22:01:54,2013-08-24 06:00:54
280,62,Night,2021-03-20 22:01:24,2021-03-20 06:00:24
281,53,Night,2023-04-07 22:01:21,2023-04-07 06:00:21
282,31,Night,2016-11-04 22:01:05,2016-11-04 06:00:05
283,37,Afternoon,2010-10-16 14:01:51,2010-10-16 18:01:51
284,56,Night,2018-09-28 22:01:41,2018-09-28 06:00:41
285,54,Morning,2014-09-18 06:01:03,2014-09-18 14:00:03
286,11,Night,2022-04-15 22:01:15,2022-04-15 06:00:15
287,99,Night,2011-09-09 22:01:40,2011-09-09 06:00:40
288,48,Afternoon,2017-06-02 14:01:30,2017-06-02 21:01:30
289,36,Afternoon,2020-06-23 14:01:55,2020-06-23 20:01:55
290,39,Night,2021-07-24 22:01:10,2021-07-24 06:00:10
291,42,Afternoon,2017-03-10 14:01:20,2017-03-10 21:01:20
292,66,Afternoon,2011-07-25 14:01:47,2011-07-25 21:01:47
293,97,Night,2020-05-04 22:01:27,2020-05-04 06:00:27
294,89,Night,2016-03-20 22:01:04,2016-03-20 06:00:04
295,77,Night,2021-06-18 22:01:38,2021-06-18 06:00:38
296,18,Afternoon,2022-09-24 14:01:56,2022-09-24 20:01:56
297,12,Night,2015-10-05 22:01:07,2015-10-05 06:00:07
298,44,Night,2016-10-18 22:01:20,2016-10-18 06:00:20
299,79,Night,2020-05-05 22:01:01,2020-05-05 06:00:01
300,33,Night,2014-04-04 22:01:03,2014-04-04 06:00:03
301,35,Afternoon,2013-12-30 14:01:20,2013-12-30 22:00:20
302,66,Morning,2021-01-10 06:01:19,2021-01-10 12:01:19
303,42,Morning,2022-11-22 06:01:12,2022-11-22 14:00:12
304,25,Afternoon,2020-01-05 14:01:27,2020-01-05 20:01:27
305,25,Afternoon,2022-09-10 14:01:18,2022-09-10 22:00:18
306,87,Afternoon,2015-12-16 14:01:57,2015-12-16 20:01:57
307,34,Night,2018-05-25 22:01:48,2018-05-25 06:00:48
308,86,Night,2020-09-07 22:01:30,2020-09-07 06:00:30
309,99,Night,2023-12-11 22:01:17,2023-12-11 06:00:17
310,99,Night,2018-04-02 22:01:50,2018-04-02 06:00:50
311,25,Night,2018-05-26 22:01:19,2018-05-26 06:00:19
312,92,Night,2023-09-01 22:01:47,2023-09-01 06:00:47
313,42,Morning,2018-11-10 06:01:14,2018-11-10 13:01:14
314,75,Night,2019-04-14 22:01:52,2019-04-14 06:00:52
315,16,Night,2012-10-15 22:01:46,2012-10-15 06:00:46
316,82,Morning,2016-12-29 06:01:43,2016-12-29 11:01:43
317,77,Night,2016-07-16 22:01:05,2016-07-16 06:00:05
318,24,Night,2011-08-12 22:01:04,2011-08-12 06:00:04
319,48,Morning,2018-05-23 06:01:09,2018-05-23 13:01:09
320,62,Night,2020-06-05 22:01:15,2020-06-05 06:00:15
321,73,Afternoon,2021-09-03 14:01:18,2021-09-03 22:00:18
322,44,Morning,2019-09-15 06:01:34,2019-09-15 12:01:34
323,78,Morning,2016-08-15 06:01:56,2016-08-15 12:01:56
324,16,Afternoon,2016-02-20 14:01:42,2016-02-20 22:00:42
325,51,Morning,2016-06-01 06:01:41,2016-06-01 10:01:41
326,25,Afternoon,2014-12-31 14:01:28,2014-12-31 21:01:28
327,59,Night,2015-07-11 22:01:51,2015-07-11 06:00:51
328,36,Night,2020-05-11 22:01:19,2020-05-11 06:00:19
329,54,Morning,2015-12-09 06:01:33,2015-12-09 12:01:33
330,7,Afternoon,2010-12-08 14:01:05,2010-12-08 21:01:05
331,77,Morning,2013-01-18 06:01:19,2013-01-18 13:01:19
332,56,Afternoon,2015-06-28 14:01:51,2015-06-28 20:01:51
333,16,Morning,2014-02-19 06:01:26,2014-02-19 11:01:26
334,16,Afternoon,2020-03-30 14:01:54,2020-03-30 18:01:54
335,6,Morning,2011-07-19 06:01:59,2011-07-19 12:01:59
336,14,Night,2013-09-13 22:01:37,2013-09-13 06:00:37
337,35,Morning,2021-11-03 06:01:22,2021-11-03 10:01:22
338,96,Night,2020-02-08 22:01:26,2020-02-08 06:00:26
339,27,Morning,2020-11-09 06:01:32,2020-11-09 14:00:32
340,8,Morning,2017-06-13 06:01:57,2017-06-13 10:01:57
341,44,Night,2014-12-10 22:01:14,2014-12-10 06:00:14
342,37,Afternoon,2011-01-06 14:01:44,2011-01-06 19:01:44
343,30,Morning,2021-06-25 06:01:16,2021-06-25 14:00:16
344,78,Night,2013-10-17 22:01:20,2013-10-17 06:00:20
345,71,Afternoon,2019-11-04 14:01:51,2019-11-04 19:01:51
346,20,Morning,2024-09-02 06:01:18,2024-09-02 14:00:18
347,75,Afternoon,2024-08-13 14:01:53,2024-08-13 19:01:53
348,22,Afternoon,2020-05-31 14:01:28,2020-05-31 19:01:28
349,70,Night,2019-05-26 22:01:43,2019-05-26 06:00:43
350,21,Morning,2010-12-08 06:01:33,2010-12-08 14:00:33
351,95,Night,2022-02-22 22:01:35,2022-02-22 06:00:35
352,63,Morning,2018-04-10 06:01:17,2018-04-10 10:01:17
353,32,Afternoon,2018-01-27 14:01:21,2018-01-27 19:01:21
354,31,Afternoon,2023-04-10 14:01:43,2023-04-10 22:00:43
355,22,Morning,2023-02-01 06:01:28,2023-02-01 11:01:28
356,36,Morning,2023-11-25 06:01:50,2023-11-25 10:01:50
357,31,Night,2014-02-24 22:01:48,2014-02-24 06:00:48
358,56,Night,2014-02-20 22:01:02,2014-02-20 06:00:02
359,50,Afternoon,2016-08-04 14:01:41,2016-08-04 19:01:41
360,30,Morning,2020-12-18 06:01:06,2020-12-18 10:01:06
361,53,Night,2023-07-01 22:01:35,2023-07-01 06:00:35
362,57,Morning,2019-08-17 06:01:42,2019-08-17 13:01:42
363,79,Afternoon,2018-11-18 14:01:30,2018-11-18 18:01:30
364,70,Afternoon,2020-02-16 14:01:59,2020-02-16 19:01:59
365,87,Afternoon,2020-06-25 14:01:20,2020-06-25 21:01:20
366,102,Night,2018-05-24 22:01:44,2018-05-24 06:00:44
367,42,Morning,2019-08-28 06:01:19,2019-08-28 13:01:19
368,65,Night,2022-04-14 22:01:04,2022-04-14 06:00:04
369,57,Night,2015-04-05 22:01:28,2015-04-05 06:00:28
370,48,Morning,2011-06-13 06:01:01,2011-06-13 10:01:01
371,77,Night,2019-02-10 22:01:34,2019-02-10 06:00:34
372,22,Afternoon,2015-09-28 14:01:44,2015-09-28 19:01:44
373,28,Afternoon,2013-08-26 14:01:06,2013-08-26 20:01:06
374,52,Afternoon,2013-09-01 14:01:06,2013-09-01 19:01:06
375,92,Afternoon,2011-08-02 14:01:15,2011-08-02 19:01:15
376,49,Night,2019-02-10 22:01:56,2019-02-10 06:00:56
377,4,Night,2012-03-20 22:01:46,2012-03-20 06:00:46
378,32,Night,2017-06-08 22:01:43,2017-06-08 06:00:43
379,58,Night,2023-02-22 22:01:12,2023-02-22 06:00:12
380,50,Night,2017-05-26 22:01:02,2017-05-26 06:00:02
381,47,Afternoon,2020-03-12 14:01:14,2020-03-12 18:01:14
382,63,Afternoon,2019-09-04 14:01:11,2019-09-04 21:01:11
383,55,Morning,2011-11-08 06:01:35,2011-11-08 13:01:35
384,33,Afternoon,2013-03-18 14:01:56,2013-03-18 19:01:56
385,35,Afternoon,2024-02-10 14:01:58,2024-02-10 20:01:58
386,62,Morning,2014-04-13 06:01:58,2014-04-13 11:01:58
387,29,Night,2012-11-07 22:01:12,2012-11-07 06:00:12
388,77,Night,2019-06-26 22:01:27,2019-06-26 06:00:27
389,5,Afternoon,2011-10-03 14:01:38,2011-10-03 20:01:38
390,7,Morning,2013-08-03 06:01:05,2013-08-03 10:01:05
391,91,Morning,2011-10-29 06:01:44,2011-10-29 10:01:44
392,79,Night,2017-09-20 22:01:30,2017-09-20 06:00:30
393,7,Afternoon,2015-03-11 14:01:36,2015-03-11 18:01:36
394,68,Afternoon,2017-03-21 14:01:03,2017-03-21 21:01:03
395,20,Afternoon,2011-12-01 14:01:35,2011-12-01 19:01:35
396,56,Afternoon,2013-09-09 14:01:14,2013-09-09 19:01:14
397,30,Afternoon,2014-03-02 14:01:47,2014-03-02 20:01:47
398,22,Night,2021-07-29 22:01:41,2021-07-29 06:00:41
399,30,Morning,2019-05-06 06:01:20,2019-05-06 14:00:20
400,7,Night,2015-11-05 22:01:37,2015-11-05 06:00:37
401,37,Night,2014-04-28 22:01:08,2014-04-28 06:00:08
402,55,Morning,2024-04-17 06:01:28,2024-04-17 11:01:28
403,3,Morning,2011-03-13 06:01:56,2011-03-13 14:00:56
404,92,Morning,2013-01-26 06:01:42,2013-01-26 10:01:42
405,99,Morning,2011-11-23 06:01:35,2011-11-23 12:01:35
406,101,Morning,2018-01-16 06:01:44,2018-01-16 14:00:44
407,16,Afternoon,2017-12-17 14:01:45,2017-12-17 22:00:45
408,98,Afternoon,2022-06-24 14:01:11,2022-06-24 19:01:11
409,20,Night,2023-12-15 22:01:52,2023-12-15 06:00:52
410,32,Morning,2020-02-14 06:01:47,2020-02-14 12:01:47
411,22,Afternoon,2014-04-22 14:01:59,2014-04-22 22:00:59
412,3,Night,2022-02-11 22:01:46,2022-02-11 06:00:46
413,8,Afternoon,2017-08-09 14:01:35,2017-08-09 19:01:35
414,22,Morning,2016-06-24 06:01:49,2016-06-24 13:01:49
415,20,Morning,2024-01-27 06:01:26,2024-01-27 11:01:26
416,78,Afternoon,2013-11-15 14:01:42,2013-11-15 22:00:42
417,101,Afternoon,2017-09-08 14:01:16,2017-09-08 21:01:16
418,32,Afternoon,2016-02-17 14:01:43,2016-02-17 19:01:43
419,91,Morning,2024-09-04 06:01:42,2024-09-04 11:01:42
420,21,Night,2020-05-17 22:01:26,2020-05-17 06:00:26
421,97,Morning,2017-06-14 06:01:23,2017-06-14 10:01:23
422,49,Morning,2012-08-10 06:01:32,2012-08-10 10:01:32
423,37,Afternoon,2019-10-15 14:01:06,2019-10-15 22:00:06
424,63,Night,2017-09-02 22:01:00,2017-09-02 06:00:00
425,71,Night,2013-08-18 22:01:12,2013-08-18 06:00:12
426,68,Afternoon,2016-06-29 14:01:09,2016-06-29 22:00:09
427,46,Night,2011-10-15 22:01:42,2011-10-15 06:00:42
428,92,Night,2023-11-05 22:01:10,2023-11-05 06:00:10
429,97,Afternoon,2024-01-29 14:01:05,2024-01-29 22:00:05
430,53,Morning,2016-08-04 06:01:10,2016-08-04 14:00:10
431,64,Morning,2014-06-25 06:01:30,2014-06-25 10:01:30
432,27,Morning,2014-06-27 06:01:36,2014-06-27 14:00:36
433,48,Afternoon,2011-05-21 14:01:11,2011-05-21 18:01:11
434,78,Afternoon,2018-07-15 14:01:25,2018-07-15 21:01:25
435,49,Afternoon,2018-04-08 14:01:20,2018-04-08 20:01:20
436,4,Afternoon,2020-08-05 14:01:11,2020-08-05 21:01:11
437,26,Morning,2017-04-19 06:01:39,2017-04-19 11:01:39
438,56,Night,2015-08-13 22:01:13,2015-08-13 06:00:13
439,58,Night,2019-05-03 22:01:23,2019-05-03 06:00:23
440,84,Afternoon,2018-02-14 14:01:00,2018-02-14 21:01:00
441,32,Morning,2012-11-26 06:01:08,2012-11-26 10:01:08
442,30,Afternoon,2018-06-27 14:01:20,2018-06-27 20:01:20
443,63,Afternoon,2012-11-01 14:01:06,2012-11-01 21:01:06
444,92,Afternoon,2013-08-14 14:01:52,2013-08-14 20:01:52
445,27,Afternoon,2024-07-22 14:01:32,2024-07-22 19:01:32
446,54,Morning,2022-08-16 06:01:35,2022-08-16 11:01:35
447,19,Night,2020-09-13 22:01:03,2020-09-13 06:00:03
448,38,Afternoon,2014-11-14 14:01:22,2014-11-14 18:01:22
449,45,Afternoon,2011-04-26 14:01:42,2011-04-26 21:01:42
450,84,Afternoon,2012-05-16 14:01:02,2012-05-16 18:01:02
451,77,Afternoon,2017-07-31 14:01:48,2017-07-31 20:01:48
452,66,Night,2024-02-14 22:01:54,2024-02-14 06:00:54
453,6,Afternoon,2020-04-29 14:01:43,2020-04-29 18:01:43
454,46,Afternoon,2014-12-24 14:01:09,2014-12-24 19:01:09
455,40,Night,2022-12-14 22:01:30,2022-12-14 06:00:30
456,2,Morning,2011-03-06 06:01:40,2011-03-06 11:01:40
457,96,Night,2013-08-13 22:01:33,2013-08-13 06:00:33
458,35,Morning,2021-01-28 06:01:20,2021-01-28 10:01:20
459,66,Morning,2017-04-21 06:01:01,2017-04-21 14:00:01
460,48,Morning,2019-07-18 06:01:37,2019-07-18 13:01:37
461,52,Afternoon,2014-09-28 14:01:15,2014-09-28 22:00:15
462,59,Afternoon,2020-07-16 14:01:08,2020-07-16 22:00:08
463,42,Afternoon,2020-12-15 14:01:59,2020-12-15 20:01:59
464,7,Night,2017-11-06 22:01:54,2017-11-06 06:00:54
465,16,Afternoon,2023-09-12 14:01:57,2023-09-12 21:01:57
466,56,Night,2023-11-02 22:01:31,2023-11-02 06:00:31
467,86,Night,2021-04-26 22:01:37,2021-04-26 06:00:37
468,65,Morning,2021-05-13 06:01:18,2021-05-13 11:01:18
469,49,Afternoon,2020-04-20 14:01:21,2020-04-20 21:01:21
470,94,Night,2011-04-15 22:01:09,2011-04-15 06:00:09
471,19,Morning,2023-02-28 06:01:07,2023-02-28 11:01:07
472,12,Night,2022-11-24 22:01:34,2022-11-24 06:00:34
473,36,Afternoon,2018-09-23 14:01:17,2018-09-23 19:01:17
474,6,Morning,2019-06-27 06:01:51,2019-06-27 12:01:51
475,2,Morning,2020-02-15 06:01:32,2020-02-15 11:01:32
476,54,Night,2014-09-03 22:01:41,2014-09-03 06:00:41
477,54,Morning,2022-11-10 06:01:06,2022-11-10 13:01:06
478,71,Night,2023-03-18 22:01:35,2023-03-18 06:00:35
479,27,Morning,2022-05-15 06:01:16,2022-05-15 10:01:16
480,21,Morning,2014-08-16 06:01:15,2014-08-16 12:01:15
481,94,Afternoon,2014-03-06 14:01:02,2014-03-06 18:01:02
482,29,Afternoon,2013-03-22 14:01:12,2013-03-22 19:01:12
483,87,Afternoon,2023-07-11 14:01:47,2023-07-11 18:01:47
484,11,Night,2011-02-01 22:01:25,2011-02-01 06:00:25
485,44,Night,2016-02-27 22:01:06,2016-02-27 06:00:06
486,61,Afternoon,2022-07-28 14:01:56,2022-07-28 22:00:56
487,72,Night,2023-02-16 22:01:28,2023-02-16 06:00:28
488,81,Night,2020-12-14 22:01:15,2020-12-14 06:00:15
489,68,Morning,2018-02-09 06:01:28,2018-02-09 14:00:28
490,67,Night,2010-11-29 22:01:36,2010-11-29 06:00:36
491,77,Morning,2022-08-28 06:01:14,2022-08-28 11:01:14
492,3,Afternoon,2022-01-25 14:01:54,2022-01-25 21:01:54
493,35,Afternoon,2020-07-27 14:01:49,2020-07-27 22:00:49
494,39,Afternoon,2021-10-30 14:01:11,2021-10-30 21:01:11
495,7,Night,2010-12-19 22:01:17,2010-12-19 06:00:17
496,33,Morning,2023-03-15 06:01:31,2023-03-15 11:01:31
497,72,Morning,2016-07-14 06:01:50,2016-07-14 11:01:50
498,32,Afternoon,2014-10-02 14:01:53,2014-10-02 19:01:53
499,13,Night,2018-03-10 22:01:31,2018-03-10 06:00:31
500,65,Afternoon,2015-07-28 14:01:41,2015-07-28 21:01:41
501,96,Afternoon,2023-10-30 14:01:46,2023-10-30 21:01:46
502,73,Afternoon,2015-01-29 14:01:55,2015-01-29 20:01:55
503,11,Morning,2017-12-14 06:01:27,2017-12-14 11:01:27
504,80,Afternoon,2015-01-02 14:01:05,2015-01-02 18:01:05
505,100,Afternoon,2018-05-27 14:01:19,2018-05-27 18:01:19
506,56,Afternoon,2023-01-26 14:01:40,2023-01-26 21:01:40
507,20,Afternoon,2012-11-10 14:01:57,2012-11-10 21:01:57
508,4,Afternoon,2021-04-08 14:01:50,2021-04-08 20:01:50
509,16,Afternoon,2015-02-24 14:01:20,2015-02-24 19:01:20
510,63,Afternoon,2012-03-24 14:01:13,2012-03-24 21:01:13
511,76,Morning,2013-02-02 06:01:09,2013-02-02 13:01:09
512,56,Morning,2019-09-19 06:01:28,2019-09-19 12:01:28
513,32,Night,2022-06-09 22:01:42,2022-06-09 06:00:42
514,44,Morning,2016-09-20 06:01:17,2016-09-20 14:00:17
515,42,Night,2012-03-05 22:01:18,2012-03-05 06:00:18
516,11,Morning,2011-05-04 06:01:24,2011-05-04 10:01:24
517,11,Night,2016-09-05 22:01:14,2016-09-05 06:00:14
518,20,Night,2015-10-12 22:01:31,2015-10-12 06:00:31
519,64,Morning,2017-03-16 06:01:29,2017-03-16 11:01:29
520,7,Morning,2015-10-14 06:01:20,2015-10-14 13:01:20
521,23,Morning,2011-09-28 06:01:19,2011-09-28 11:01:19
522,38,Afternoon,2014-10-30 14:01:18,2014-10-30 20:01:18
523,86,Night,2014-10-18 22:01:12,2014-10-18 06:00:12
524,6,Morning,2015-03-14 06:01:17,2015-03-14 12:01:17
525,43,Morning,2010-10-24 06:01:33,2010-10-24 10:01:33
526,75,Morning,2017-12-11 06:01:36,2017-12-11 10:01:36
527,79,Morning,2023-09-20 06:01:33,2023-09-20 11:01:33
528,102,Morning,2017-03-31 06:01:31,2017-03-31 13:01:31
529,63,Morning,2014-09-13 06:01:16,2014-09-13 12:01:16
530,76,Afternoon,2021-11-16 14:01:51,2021-11-16 22:00:51
531,68,Morning,2019-12-01 06:01:50,2019-12-01 14:00:50
532,37,Morning,2017-05-11 06:01:26,2017-05-11 10:01:26
533,60,Night,2019-08-30 22:01:17,2019-08-30 06:00:17
534,21,Night,2014-06-13 22:01:33,2014-06-13 06:00:33
535,13,Afternoon,2013-12-13 14:01:23,2013-12-13 22:00:23
536,29,Night,2016-12-12 22:01:24,2016-12-12 06:00:24
537,5,Afternoon,2019-05-26 14:01:58,2019-05-26 20:01:58
538,86,Morning,2016-04-18 06:01:51,2016-04-18 13:01:51
539,58,Afternoon,2015-07-23 14:01:24,2015-07-23 22:00:24
540,40,Afternoon,2016-08-21 14:01:13,2016-08-21 21:01:13
541,54,Morning,2015-06-19 06:01:14,2015-06-19 12:01:14
542,86,Afternoon,2011-06-04 14:01:10,2011-06-04 19:01:10
543,31,Afternoon,2023-03-20 14:01:58,2023-03-20 19:01:58
544,91,Morning,2020-01-03 06:01:27,2020-01-03 10:01:27
545,11,Morning,2011-08-03 06:01:17,2011-08-03 14:00:17
546,16,Morning,2012-04-20 06:01:08,2012-04-20 10:01:08
547,58,Morning,2023-06-04 06:01:33,2023-06-04 11:01:33
548,93,Morning,2016-02-02 06:01:31,2016-02-02 12:01:31
549,99,Afternoon,2015-10-12 14:01:42,2015-10-12 20:01:42
550,75,Morning,2014-09-25 06:01:08,2014-09-25 13:01:08
551,56,Afternoon,2014-02-20 14:01:17,2014-02-20 18:01:17
552,83,Night,2016-06-17 22:01:09,2016-06-17 06:00:09
553,94,Night,2011-04-11 22:01:54,2011-04-11 06:00:54
554,91,Morning,2014-09-20 06:01:29,2014-09-20 13:01:29
555,84,Morning,2013-06-04 06:01:07,2013-06-04 12:01:07
556,21,Afternoon,2016-01-30 14:01:47,2016-01-30 19:01:47
557,45,Morning,2010-12-09 06:01:22,2010-12-09 10:01:22
558,5,Afternoon,2022-08-15 14:01:15,2022-08-15 21:01:15
559,24,Afternoon,2017-06-15 14:01:41,2017-06-15 21:01:41
560,85,Afternoon,2020-10-01 14:01:05,2020-10-01 20:01:05
561,58,Morning,2012-03-19 06:01:31,2012-03-19 12:01:31
562,96,Night,2017-02-19 22:01:55,2017-02-19 06:00:55
563,85,Afternoon,2018-10-26 14:01:34,2018-10-26 22:00:34
564,90,Morning,2021-09-18 06:01:28,2021-09-18 10:01:28
565,101,Morning,2020-03-23 06:01:43,2020-03-23 12:01:43
566,54,Morning,2024-01-30 06:01:31,2024-01-30 13:01:31
567,43,Morning,2017-03-16 06:01:29,2017-03-16 10:01:29
568,18,Morning,2016-07-27 06:01:25,2016-07-27 14:00:25
569,78,Afternoon,2016-04-21 14:01:41,2016-04-21 20:01:41
570,26,Night,2011-07-18 22:01:04,2011-07-18 06:00:04
571,54,Morning,2015-02-25 06:01:48,2015-02-25 10:01:48
572,81,Afternoon,2010-09-29 14:01:49,2010-09-29 20:01:49
573,79,Afternoon,2014-11-26 14:01:41,2014-11-26 20:01:41
574,1,Morning,2023-08-01 06:01:12,2023-08-01 13:01:12
575,99,Night,2017-09-07 22:01:30,2017-09-07 06:00:30
576,28,Morning,2022-11-12 06:01:01,2022-11-12 12:01:01
577,88,Night,2019-12-07 22:01:45,2019-12-07 06:00:45
578,36,Night,2011-08-21 22:01:41,2011-08-21 06:00:41
579,68,Night,2014-10-10 22:01:30,2014-10-10 06:00:30
580,79,Morning,2018-12-26 06:01:16,2018-12-26 13:01:16
581,99,Night,2016-10-22 22:01:07,2016-10-22 06:00:07
582,59,Night,2023-02-16 22:01:19,2023-02-16 06:00:19
583,71,Afternoon,2013-12-13 14:01:11,2013-12-13 22:00:11
584,97,Afternoon,2016-12-03 14:01:53,2016-12-03 18:01:53
585,37,Afternoon,2010-09-30 14:01:18,2010-09-30 18:01:18
586,53,Night,2014-03-09 22:01:22,2014-03-09 06:00:22
587,61,Afternoon,2018-04-13 14:01:23,2018-04-13 21:01:23
588,78,Night,2010-09-25 22:01:54,2010-09-25 06:00:54
589,41,Night,2020-10-04 22:01:29,2020-10-04 06:00:29
590,58,Afternoon,2024-06-02 14:01:43,2024-06-02 20:01:43
591,84,Morning,2024-05-21 06:01:04,2024-05-21 11:01:04
592,86,Night,2015-12-20 22:01:38,2015-12-20 06:00:38
593,51,Afternoon,2020-01-11 14:01:14,2020-01-11 18:01:14
594,68,Morning,2023-06-09 06:01:56,2023-06-09 10:01:56
595,29,Afternoon,2012-10-15 14:01:01,2012-10-15 19:01:01
596,51,Morning,2018-01-18 06:01:27,2018-01-18 13:01:27
597,7,Morning,2013-07-18 06:01:55,2013-07-18 12:01:55
598,69,Night,2014-04-17 22:01:44,2014-04-17 06:00:44
599,3,Night,2021-05-30 22:01:56,2021-05-30 06:00:56
600,99,Night,2024-03-20 22:01:05,2024-03-20 06:00:05
601,64,Night,2014-06-14 22:01:31,2014-06-14 06:00:31
602,69,Night,2015-11-06 22:01:14,2015-11-06 06:00:14
603,37,Morning,2017-03-18 06:01:45,2017-03-18 11:01:45
604,50,Night,2016-11-30 22:01:53,2016-11-30 06:00:53
605,23,Night,2020-02-26 22:01:06,2020-02-26 06:00:06
606,2,Night,2013-05-03 22:01:40,2013-05-03 06:00:40
607,11,Afternoon,2013-09-12 14:01:42,2013-09-12 19:01:42
608,62,Morning,2011-07-08 06:01:38,2011-07-08 10:01:38
609,17,Night,2018-02-13 22:01:57,2018-02-13 06:00:57
610,22,Night,2013-02-11 22:01:33,2013-02-11 06:00:33
611,86,Afternoon,2018-06-22 14:01:42,2018-06-22 21:01:42
612,21,Afternoon,2015-09-12 14:01:16,2015-09-12 19:01:16
613,94,Morning,2016-07-30 06:01:31,2016-07-30 12:01:31
614,13,Afternoon,2020-09-19 14:01:23,2020-09-19 20:01:23
615,70,Night,2011-03-10 22:01:54,2011-03-10 06:00:54
616,82,Morning,2022-03-13 06:01:32,2022-03-13 10:01:32
617,20,Morning,2013-09-23 06:01:19,2013-09-23 10:01:19
618,31,Morning,2014-02-06 06:01:37,2014-02-06 12:01:37
619,23,Morning,2024-06-25 06:01:15,2024-06-25 13:01:15
620,44,Morning,2019-10-02 06:01:12,2019-10-02 14:00:12
621,99,Night,2021-11-13 22:01:00,2021-11-13 06:00:00
622,66,Morning,2024-06-22 06:01:37,2024-06-22 13:01:37
623,86,Night,2012-03-14 22:01:13,2012-03-14 06:00:13
624,101,Morning,2024-08-15 06:01:48,2024-08-15 12:01:48
625,101,Morning,2018-04-21 06:01:02,2018-04-21 12:01:02
626,23,Afternoon,2014-03-29 14:01:55,2014-03-29 19:01:55
627,70,Afternoon,2010-10-03 14:01:56,2010-10-03 18:01:56
628,80,Morning,2020-06-24 06:01:56,2020-06-24 10:01:56
629,21,Morning,2016-01-02 06:01:29,2016-01-02 12:01:29
630,21,Night,2020-05-16 22:01:24,2020-05-16 06:00:24
631,25,Afternoon,2017-10-01 14:01:32,2017-10-01 20:01:32
632,4,Afternoon,2020-12-08 14:01:04,2020-12-08 21:01:04
633,102,Afternoon,2011-05-13 14:01:26,2011-05-13 18:01:26
634,66,Afternoon,2019-08-22 14:01:46,2019-08-22 19:01:46
635,22,Morning,2015-09-08 06:01:12,2015-09-08 14:00:12
636,82,Afternoon,2010-11-18 14:01:08,2010-11-18 22:00:08
637,96,Night,2014-02-25 22:01:52,2014-02-25 06:00:52
638,96,Morning,2021-07-11 06:01:46,2021-07-11 13:01:46
639,72,Afternoon,2018-08-01 14:01:52,2018-08-01 21:01:52
640,42,Night,2015-05-03 22:01:26,2015-05-03 06:00:26
641,26,Morning,2024-02-23 06:01:15,2024-02-23 10:01:15
642,58,Morning,2013-01-04 06:01:58,2013-01-04 10:01:58
643,74,Afternoon,2013-07-02 14:01:44,2013-07-02 18:01:44
644,86,Afternoon,2024-01-15 14:01:20,2024-01-15 20:01:20
645,54,Night,2021-10-17 22:01:25,2021-10-17 06:00:25
646,41,Afternoon,2016-04-30 14:01:25,2016-04-30 18:01:25
647,18,Morning,2021-09-20 06:01:26,2021-09-20 14:00:26
648,67,Night,2017-01-13 22:01:17,2017-01-13 06:00:17
649,76,Morning,2016-10-16 06:01:30,2016-10-16 13:01:30
650,64,Night,2018-11-09 22:01:25,2018-11-09 06:00:25
651,93,Afternoon,2023-04-08 14:01:20,2023-04-08 18:01:20
652,80,Morning,2022-08-27 06:01:22,2022-08-27 12:01:22
653,32,Afternoon,2021-11-30 14:01:38,2021-11-30 22:00:38
654,55,Afternoon,2016-06-28 14:01:50,2016-06-28 18:01:50
655,14,Morning,2014-02-22 06:01:54,2014-02-22 12:01:54
656,86,Morning,2011-10-18 06:01:46,2011-10-18 12:01:46
657,49,Morning,2023-01-22 06:01:41,2023-01-22 12:01:41
658,44,Afternoon,2011-10-03 14:01:31,2011-10-03 18:01:31
659,68,Afternoon,2024-05-10 14:01:36,2024-05-10 18:01:36
660,64,Afternoon,2023-03-28 14:01:06,2023-03-28 20:01:06
661,53,Morning,2022-09-22 06:01:44,2022-09-22 10:01:44
662,37,Afternoon,2018-05-04 14:01:56,2018-05-04 19:01:56
663,92,Morning,2012-11-06 06:01:15,2012-11-06 11:01:15
664,68,Night,2012-12-18 22:01:26,2012-12-18 06:00:26
665,13,Afternoon,2019-06-17 14:01:10,2019-06-17 18:01:10
666,13,Afternoon,2013-09-29 14:01:35,2013-09-29 20:01:35
667,41,Morning,2020-12-10 06:01:01,2020-12-10 11:01:01
668,74,Morning,2011-10-12 06:01:59,2011-10-12 14:00:59
669,11,Morning,2010-09-30 06:01:46,2010-09-30 10:01:46
670,36,Afternoon,2015-09-13 14:01:11,2015-09-13 22:00:11
671,97,Night,2015-09-22 22:01:22,2015-09-22 06:00:22
672,92,Night,2011-10-14 22:01:04,2011-10-14 06:00:04
673,89,Night,2015-12-29 22:01:35,2015-12-29 06:00:35
674,71,Night,2021-09-20 22:01:41,2021-09-20 06:00:41
675,13,Afternoon,2013-01-24 14:01:31,2013-01-24 18:01:31
676,40,Afternoon,2018-12-22 14:01:41,2018-12-22 18:01:41
677,85,Afternoon,2024-06-17 14:01:00,2024-06-17 20:01:00
678,95,Morning,2013-01-10 06:01:35,2013-01-10 11:01:35
679,9,Morning,2022-06-25 06:01:13,2022-06-25 14:00:13
680,1,Morning,2012-08-30 06:01:09,2012-08-30 13:01:09
681,6,Afternoon,2018-10-18 14:01:49,2018-10-18 20:01:49
682,52,Night,2019-04-28 22:01:34,2019-04-28 06:00:34
683,34,Morning,2012-11-25 06:01:37,2012-11-25 14:00:37
684,72,Morning,2013-05-08 06:01:26,2013-05-08 10:01:26
685,43,Morning,2015-08-13 06:01:50,2015-08-13 11:01:50
686,84,Night,2019-10-01 22:01:42,2019-10-01 06:00:42
687,81,Morning,2011-06-19 06:01:03,2011-06-19 13:01:03
688,28,Night,2019-06-22 22:01:14,2019-06-22 06:00:14
689,22,Night,2023-09-30 22:01:53,2023-09-30 06:00:53
690,31,Afternoon,2021-04-28 14:01:37,2021-04-28 18:01:37
691,88,Night,2019-05-10 22:01:58,2019-05-10 06:00:58
692,74,Night,2014-07-20 22:01:54,2014-07-20 06:00:54
693,64,Night,2011-02-25 22:01:59,2011-02-25 06:00:59
694,8,Afternoon,2021-02-04 14:01:12,2021-02-04 19:01:12
695,79,Night,2024-02-05 22:01:49,2024-02-05 06:00:49
696,25,Night,2018-08-16 22:01:08,2018-08-16 06:00:08
697,45,Morning,2015-04-07 06:01:42,2015-04-07 13:01:42
698,76,Afternoon,2019-01-03 14:01:59,2019-01-03 22:00:59
699,37,Afternoon,2010-12-07 14:01:51,2010-12-07 19:01:51
700,79,Morning,2020-12-20 06:01:55,2020-12-20 13:01:55
701,33,Night,2018-06-16 22:01:21,2018-06-16 06:00:21
702,64,Morning,2024-06-20 06:01:08,2024-06-20 10:01:08
703,52,Night,2018-07-26 22:01:47,2018-07-26 06:00:47
704,96,Afternoon,2011-03-08 14:01:39,2011-03-08 19:01:39
705,74,Morning,2022-05-15 06:01:48,2022-05-15 14:00:48
706,16,Night,2023-10-10 22:01:06,2023-10-10 06:00:06
707,17,Night,2013-08-16 22:01:07,2013-08-16 06:00:07
708,30,Morning,2015-05-06 06:01:16,2015-05-06 10:01:16
709,94,Morning,2022-11-09 06:01:05,2022-11-09 13:01:05
710,18,Morning,2017-06-04 06:01:43,2017-06-04 12:01:43
711,15,Night,2017-08-06 22:01:03,2017-08-06 06:00:03
712,84,Morning,2024-09-14 06:01:01,2024-09-14 10:01:01
713,90,Morning,2014-09-30 06:01:44,2014-09-30 13:01:44
714,14,Afternoon,2015-01-19 14:01:33,2015-01-19 19:01:33
715,58,Morning,2024-04-04 06:01:40,2024-04-04 11:01:40
716,93,Night,2012-01-04 22:01:49,2012-01-04 06:00:49
717,48,Afternoon,2024-05-26 14:01:04,2024-05-26 21:01:04
718,49,Night,2019-03-23 22:01:43,2019-03-23 06:00:43
719,88,Afternoon,2014-02-01 14:01:37,2014-02-01 21:01:37
720,85,Morning,2012-08-09 06:01:58,2012-08-09 11:01:58
721,27,Afternoon,2018-12-30 14:01:31,2018-12-30 20:01:31
722,25,Night,2019-07-27 22:01:03,2019-07-27 06:00:03
723,63,Afternoon,2023-10-11 14:01:44,2023-10-11 20:01:44
724,56,Morning,2018-05-12 06:01:13,2018-05-12 12:01:13
725,1,Afternoon,2024-06-28 14:01:57,2024-06-28 21:01:57
726,21,Morning,2016-03-31 06:01:46,2016-03-31 10:01:46
727,96,Afternoon,2019-06-22 14:01:57,2019-06-22 22:00:57
728,38,Morning,2018-02-25 06:01:42,2018-02-25 13:01:42
729,15,Afternoon,2022-11-21 14:01:12,2022-11-21 19:01:12
730,37,Afternoon,2019-07-12 14:01:34,2019-07-12 19:01:34
731,55,Morning,2018-11-10 06:01:53,2018-11-10 13:01:53
732,101,Night,2018-11-30 22:01:04,2018-11-30 06:00:04
733,76,Afternoon,2023-03-25 14:01:28,2023-03-25 20:01:28
734,39,Night,2015-10-28 22:01:02,2015-10-28 06:00:02
735,58,Morning,2022-08-01 06:01:50,2022-08-01 12:01:50
736,62,Afternoon,2022-07-20 14:01:59,2022-07-20 20:01:59
737,21,Afternoon,2012-09-07 14:01:53,2012-09-07 19:01:53
738,57,Morning,2013-04-09 06:01:34,2013-04-09 10:01:34
739,100,Morning,2019-09-23 06:01:47,2019-09-23 13:01:47
740,50,Morning,2011-11-28 06:01:41,2011-11-28 14:00:41
741,66,Night,2015-05-01 22:01:20,2015-05-01 06:00:20
742,15,Afternoon,2015-07-06 14:01:45,2015-07-06 20:01:45
743,67,Afternoon,2016-11-01 14:01:56,2016-11-01 18:01:56
744,35,Night,2017-04-23 22:01:49,2017-04-23 06:00:49
745,40,Night,2013-11-23 22:01:05,2013-11-23 06:00:05
746,3,Morning,2020-05-08 06:01:33,2020-05-08 14:00:33
747,14,Morning,2014-07-01 06:01:00,2014-07-01 12:01:00
748,33,Morning,2012-09-07 06:01:23,2012-09-07 14:00:23
749,79,Night,2015-02-22 22:01:37,2015-02-22 06:00:37
750,24,Night,2017-03-27 22:01:06,2017-03-27 06:00:06
751,68,Morning,2013-01-18 06:01:33,2013-01-18 11:01:33
752,3,Afternoon,2023-11-09 14:01:47,2023-11-09 22:00:47
753,54,Night,2023-08-18 22:01:43,2023-08-18 06:00:43
754,1,Afternoon,2022-05-31 14:01:06,2022-05-31 19:01:06
755,24,Morning,2015-12-13 06:01:43,2015-12-13 12:01:43
756,93,Afternoon,2017-06-02 14:01:42,2017-06-02 20:01:42
757,90,Afternoon,2013-01-24 14:01:53,2013-01-24 22:00:53
758,26,Night,2016-11-22 22:01:01,2016-11-22 06:00:01
759,86,Night,2020-04-28 22:01:06,2020-04-28 06:00:06
760,73,Afternoon,2015-04-05 14:01:42,2015-04-05 18:01:42
761,49,Afternoon,2022-06-30 14:01:15,2022-06-30 22:00:15
762,26,Morning,2017-04-19 06:01:46,2017-04-19 12:01:46
763,6,Afternoon,2010-12-18 14:01:08,2010-12-18 20:01:08
764,61,Morning,2018-08-22 06:01:38,2018-08-22 14:00:38
765,43,Afternoon,2024-09-03 14:01:29,2024-09-03 19:01:29
766,56,Night,2016-12-04 22:01:04,2016-12-04 06:00:04
767,89,Morning,2018-07-27 06:01:05,2018-07-27 10:01:05
768,73,Morning,2012-12-11 06:01:36,2012-12-11 11:01:36
769,53,Morning,2011-05-19 06:01:46,2011-05-19 11:01:46
770,60,Afternoon,2016-07-17 14:01:43,2016-07-17 22:00:43
771,95,Morning,2024-03-08 06:01:03,2024-03-08 10:01:03
772,88,Night,2014-11-25 22:01:10,2014-11-25 06:00:10
773,92,Morning,2022-05-14 06:01:35,2022-05-14 11:01:35
774,95,Morning,2014-10-15 06:01:59,2014-10-15 11:01:59
775,48,Morning,2014-11-28 06:01:59,2014-11-28 10:01:59
776,33,Morning,2023-06-19 06:01:16,2023-06-19 14:00:16
777,53,Morning,2010-11-14 06:01:46,2010-11-14 12:01:46
778,83,Night,2013-06-05 22:01:40,2013-06-05 06:00:40
779,27,Morning,2014-12-27 06:01:34,2014-12-27 12:01:34
780,31,Night,2013-02-25 22:01:51,2013-02-25 06:00:51
781,12,Afternoon,2015-12-05 14:01:32,2015-12-05 22:00:32
782,69,Night,2023-07-05 22:01:39,2023-07-05 06:00:39
783,6,Afternoon,2022-10-28 14:01:19,2022-10-28 20:01:19
784,70,Morning,2021-03-20 06:01:12,2021-03-20 10:01:12
785,63,Morning,2012-06-15 06:01:32,2012-06-15 13:01:32
786,43,Morning,2017-11-11 06:01:47,2017-11-11 10:01:47
787,65,Night,2014-05-11 22:01:49,2014-05-11 06:00:49
788,74,Afternoon,2013-12-11 14:01:07,2013-12-11 18:01:07
789,55,Night,2010-11-23 22:01:27,2010-11-23 06:00:27
790,46,Afternoon,2016-02-02 14:01:02,2016-02-02 22:00:02
791,90,Morning,2016-08-29 06:01:27,2016-08-29 10:01:27
792,95,Morning,2012-03-15 06:01:00,2012-03-15 14:00:00
793,3,Night,2018-07-09 22:01:31,2018-07-09 06:00:31
794,25,Morning,2018-05-20 06:01:03,2018-05-20 11:01:03
795,30,Night,2019-01-06 22:01:49,2019-01-06 06:00:49
796,94,Morning,2019-03-06 06:01:48,2019-03-06 11:01:48
797,27,Morning,2019-11-17 06:01:38,2019-11-17 11:01:38
798,38,Afternoon,2021-10-31 14:01:07,2021-10-31 18:01:07
799,85,Afternoon,2013-08-06 14:01:28,2013-08-06 19:01:28
800,80,Morning,2012-04-07 06:01:56,2012-04-07 10:01:56
801,16,Night,2023-06-23 22:01:11,2023-06-23 06:00:11
802,47,Night,2011-01-18 22:01:02,2011-01-18 06:00:02
803,88,Afternoon,2013-11-09 14:01:40,2013-11-09 19:01:40
804,89,Morning,2018-10-11 06:01:20,2018-10-11 11:01:20
805,61,Afternoon,2012-04-04 14:01:19,2012-04-04 18:01:19
806,22,Afternoon,2021-01-20 14:01:55,2021-01-20 18:01:55
807,69,Morning,2011-04-10 06:01:04,2011-04-10 13:01:04
808,14,Morning,2012-10-24 06:01:20,2012-10-24 11:01:20
809,28,Morning,2020-10-19 06:01:45,2020-10-19 11:01:45
810,54,Morning,2022-11-02 06:01:15,2022-11-02 13:01:15
811,30,Night,2023-11-19 22:01:49,2023-11-19 06:00:49
812,35,Night,2020-03-20 22:01:17,2020-03-20 06:00:17
813,92,Night,2014-10-14 22:01:11,2014-10-14 06:00:11
814,76,Night,2010-10-09 22:01:01,2010-10-09 06:00:01
815,58,Morning,2012-12-22 06:01:38,2012-12-22 14:00:38
816,69,Night,2024-01-08 22:01:49,2024-01-08 06:00:49
817,28,Afternoon,2018-11-16 14:01:04,2018-11-16 21:01:04
818,23,Night,2016-05-12 22:01:10,2016-05-12 06:00:10
819,36,Afternoon,2012-11-01 14:01:14,2012-11-01 20:01:14
820,78,Morning,2023-08-12 06:01:29,2023-08-12 10:01:29
821,26,Afternoon,2012-09-19 14:01:45,2012-09-19 20:01:45
822,49,Night,2017-11-27 22:01:23,2017-11-27 06:00:23
823,12,Night,2016-02-08 22:01:23,2016-02-08 06:00:23
824,102,Night,2013-06-12 22:01:47,2013-06-12 06:00:47
825,7,Morning,2019-06-17 06:01:58,2019-06-17 14:00:58
826,15,Night,2024-01-21 22:01:57,2024-01-21 06:00:57
827,51,Night,2019-02-08 22:01:35,2019-02-08 06:00:35
828,92,Night,2014-01-19 22:01:14,2014-01-19 06:00:14
829,7,Night,2015-02-21 22:01:39,2015-02-21 06:00:39
830,69,Morning,2023-04-12 06:01:48,2023-04-12 11:01:48
831,31,Morning,2016-12-25 06:01:00,2016-12-25 14:00:00
832,78,Night,2024-01-15 22:01:02,2024-01-15 06:00:02
833,31,Night,2017-01-09 22:01:18,2017-01-09 06:00:18
834,11,Afternoon,2013-06-24 14:01:19,2013-06-24 22:00:19
835,69,Morning,2013-01-22 06:01:02,2013-01-22 12:01:02
836,34,Afternoon,2024-03-12 14:01:34,2024-03-12 22:00:34
837,18,Morning,2018-03-27 06:01:31,2018-03-27 10:01:31
838,55,Afternoon,2015-12-21 14:01:00,2015-12-21 19:01:00
839,18,Morning,2017-08-30 06:01:22,2017-08-30 10:01:22
840,67,Morning,2020-01-20 06:01:10,2020-01-20 14:00:10
841,57,Morning,2024-01-22 06:01:55,2024-01-22 13:01:55
842,93,Night,2020-06-06 22:01:53,2020-06-06 06:00:53
843,11,Night,2015-02-01 22:01:21,2015-02-01 06:00:21
844,59,Morning,2011-01-27 06:01:42,2011-01-27 12:01:42
845,44,Morning,2018-08-21 06:01:39,2018-08-21 10:01:39
846,98,Morning,2024-04-15 06:01:11,2024-04-15 10:01:11
847,100,Night,2011-11-25 22:01:05,2011-11-25 06:00:05
848,93,Morning,2015-08-29 06:01:54,2015-08-29 10:01:54
849,42,Morning,2013-03-16 06:01:29,2013-03-16 14:00:29
850,11,Morning,2021-04-30 06:01:29,2021-04-30 11:01:29
851,62,Morning,2013-10-03 06:01:14,2013-10-03 13:01:14
852,101,Night,2023-12-21 22:01:20,2023-12-21 06:00:20
853,8,Night,2020-05-01 22:01:30,2020-05-01 06:00:30
854,4,Night,2016-05-07 22:01:28,2016-05-07 06:00:28
855,46,Afternoon,2022-01-22 14:01:25,2022-01-22 21:01:25
856,87,Morning,2015-12-09 06:01:04,2015-12-09 14:00:04
857,83,Afternoon,2022-05-28 14:01:09,2022-05-28 20:01:09
858,34,Morning,2015-05-11 06:01:18,2015-05-11 10:01:18
859,70,Morning,2015-04-13 06:01:31,2015-04-13 14:00:31
860,86,Night,2015-11-09 22:01:12,2015-11-09 06:00:12
861,62,Afternoon,2010-11-21 14:01:33,2010-11-21 21:01:33
862,67,Morning,2022-05-17 06:01:06,2022-05-17 11:01:06
863,23,Afternoon,2017-10-18 14:01:40,2017-10-18 22:00:40
864,80,Morning,2017-06-08 06:01:36,2017-06-08 12:01:36
865,49,Afternoon,2019-05-20 14:01:56,2019-05-20 18:01:56
866,65,Afternoon,2024-01-18 14:01:01,2024-01-18 21:01:01
867,4,Morning,2020-12-27 06:01:19,2020-12-27 14:00:19
868,7,Morning,2020-07-12 06:01:25,2020-07-12 12:01:25
869,32,Afternoon,2010-11-03 14:01:59,2010-11-03 20:01:59
870,82,Afternoon,2013-04-10 14:01:55,2013-04-10 18:01:55
871,47,Night,2020-09-10 22:01:48,2020-09-10 06:00:48
872,36,Night,2014-07-07 22:01:06,2014-07-07 06:00:06
873,52,Afternoon,2017-03-25 14:01:44,2017-03-25 22:00:44
874,16,Morning,2014-06-02 06:01:48,2014-06-02 13:01:48
875,20,Afternoon,2019-09-26 14:01:38,2019-09-26 22:00:38
876,30,Afternoon,2020-02-26 14:01:22,2020-02-26 20:01:22
877,85,Morning,2011-09-25 06:01:47,2011-09-25 12:01:47
878,40,Morning,2012-05-24 06:01:30,2012-05-24 14:00:30
879,49,Night,2013-08-16 22:01:41,2013-08-16 06:00:41
880,71,Night,2016-12-06 22:01:29,2016-12-06 06:00:29
881,81,Afternoon,2016-08-30 14:01:59,2016-08-30 18:01:59
882,53,Morning,2022-11-02 06:01:39,2022-11-02 11:01:39
883,53,Night,2020-08-05 22:01:15,2020-08-05 06:00:15
884,72,Afternoon,2023-11-23 14:01:20,2023-11-23 22:00:20
885,46,Morning,2016-03-13 06:01:05,2016-03-13 14:00:05
886,100,Night,2017-09-09 22:01:18,2017-09-09 06:00:18
887,24,Morning,2013-01-24 06:01:58,2013-01-24 10:01:58
888,8,Afternoon,2024-03-10 14:01:36,2024-03-10 18:01:36
889,16,Afternoon,2023-06-13 14:01:57,2023-06-13 20:01:57
890,68,Morning,2012-08-25 06:01:41,2012-08-25 14:00:41
891,68,Night,2019-06-28 22:01:23,2019-06-28 06:00:23
892,34,Night,2023-11-12 22:01:40,2023-11-12 06:00:40
893,83,Morning,2024-01-13 06:01:42,2024-01-13 14:00:42
894,61,Afternoon,2014-11-16 14:01:01,2014-11-16 19:01:01
895,67,Morning,2021-05-05 06:01:29,2021-05-05 13:01:29
896,92,Morning,2018-01-30 06:01:42,2018-01-30 14:00:42
897,83,Morning,2024-03-15 06:01:02,2024-03-15 13:01:02
898,35,Morning,2014-04-26 06:01:09,2014-04-26 11:01:09
899,87,Morning,2011-02-14 06:01:39,2011-02-14 11:01:39
900,90,Afternoon,2014-10-24 14:01:46,2014-10-24 22:00:46
901,87,Afternoon,2016-08-27 14:01:46,2016-08-27 19:01:46
902,67,Night,2017-04-22 22:01:38,2017-04-22 06:00:38
903,53,Afternoon,2017-06-24 14:01:31,2017-06-24 19:01:31
904,3,Morning,2018-08-23 06:01:35,2018-08-23 13:01:35
905,97,Night,2023-12-10 22:01:46,2023-12-10 06:00:46
906,48,Night,2011-05-29 22:01:28,2011-05-29 06:00:28
907,56,Morning,2017-02-12 06:01:15,2017-02-12 10:01:15
908,40,Afternoon,2015-03-17 14:01:43,2015-03-17 18:01:43
909,60,Morning,2019-05-17 06:01:51,2019-05-17 13:01:51
910,38,Night,2021-12-04 22:01:12,2021-12-04 06:00:12
911,21,Afternoon,2019-05-16 14:01:38,2019-05-16 20:01:38
912,97,Afternoon,2013-03-18 14:01:38,2013-03-18 18:01:38
913,24,Afternoon,2015-06-29 14:01:27,2015-06-29 19:01:27
914,93,Night,2014-03-28 22:01:14,2014-03-28 06:00:14
915,44,Night,2020-06-09 22:01:09,2020-06-09 06:00:09
916,38,Morning,2016-01-13 06:01:48,2016-01-13 10:01:48
917,86,Morning,2020-04-14 06:01:41,2020-04-14 13:01:41
918,49,Afternoon,2019-06-14 14:01:46,2019-06-14 21:01:46
919,102,Afternoon,2012-03-01 14:01:29,2012-03-01 20:01:29
920,66,Night,2022-04-03 22:01:38,2022-04-03 06:00:38
921,65,Morning,2018-05-02 06:01:55,2018-05-02 11:01:55
922,94,Morning,2012-02-15 06:01:37,2012-02-15 12:01:37
923,31,Night,2015-10-26 22:01:38,2015-10-26 06:00:38
924,67,Morning,2017-12-08 06:01:36,2017-12-08 12:01:36
925,43,Night,2022-06-25 22:01:43,2022-06-25 06:00:43
926,60,Night,2022-12-13 22:01:37,2022-12-13 06:00:37
927,87,Night,2024-08-04 22:01:27,2024-08-04 06:00:27
928,5,Afternoon,2015-08-07 14:01:05,2015-08-07 18:01:05
929,38,Morning,2014-03-28 06:01:01,2014-03-28 11:01:01
930,28,Morning,2017-05-11 06:01:50,2017-05-11 12:01:50
931,25,Night,2022-07-13 22:01:18,2022-07-13 06:00:18
932,76,Afternoon,2014-12-22 14:01:46,2014-12-22 18:01:46
933,51,Night,2017-07-12 22:01:36,2017-07-12 06:00:36
934,19,Morning,2012-10-28 06:01:32,2012-10-28 10:01:32
935,13,Night,2017-03-05 22:01:31,2017-03-05 06:00:31
936,59,Night,2019-09-03 22:01:01,2019-09-03 06:00:01
937,93,Morning,2017-02-18 06:01:13,2017-02-18 14:00:13
938,7,Night,2019-12-10 22:01:24,2019-12-10 06:00:24
939,31,Night,2022-10-16 22:01:20,2022-10-16 06:00:20
940,81,Night,2010-11-25 22:01:38,2010-11-25 06:00:38
941,64,Morning,2013-07-26 06:01:39,2013-07-26 11:01:39
942,52,Night,2023-03-08 22:01:37,2023-03-08 06:00:37
943,29,Morning,2013-07-23 06:01:35,2013-07-23 13:01:35
944,5,Night,2019-12-09 22:01:58,2019-12-09 06:00:58
945,11,Night,2015-10-16 22:01:02,2015-10-16 06:00:02
946,64,Afternoon,2019-02-11 14:01:00,2019-02-11 21:01:00
947,13,Afternoon,2019-06-10 14:01:10,2019-06-10 22:00:10
948,53,Night,2017-10-27 22:01:17,2017-10-27 06:00:17
949,2,Morning,2024-07-03 06:01:28,2024-07-03 11:01:28
950,27,Morning,2015-11-13 06:01:30,2015-11-13 10:01:30
951,76,Morning,2018-06-18 06:01:13,2018-06-18 12:01:13
952,100,Afternoon,2020-09-16 14:01:16,2020-09-16 18:01:16
953,71,Morning,2011-03-22 06:01:20,2011-03-22 14:00:20
954,68,Morning,2011-01-15 06:01:50,2011-01-15 11:01:50
955,89,Afternoon,2024-04-07 14:01:24,2024-04-07 20:01:24
956,61,Night,2020-06-30 22:01:12,2020-06-30 06:00:12
957,34,Night,2013-01-16 22:01:11,2013-01-16 06:00:11
958,77,Morning,2022-07-05 06:01:22,2022-07-05 13:01:22
959,1,Night,2012-11-10 22:01:30,2012-11-10 06:00:30
960,51,Afternoon,2019-12-08 14:01:47,2019-12-08 22:00:47
961,102,Afternoon,2013-02-22 14:01:00,2013-02-22 19:01:00
962,8,Morning,2023-08-07 06:01:00,2023-08-07 12:01:00
963,78,Morning,2018-11-05 06:01:48,2018-11-05 10:01:48
964,68,Night,2021-02-14 22:01:56,2021-02-14 06:00:56
965,37,Morning,2021-05-19 06:01:08,2021-05-19 14:00:08
966,38,Morning,2020-01-12 06:01:26,2020-01-12 11:01:26
967,51,Night,2010-10-21 22:01:08,2010-10-21 06:00:08
968,44,Morning,2016-10-18 06:01:18,2016-10-18 14:00:18
969,18,Afternoon,2011-06-22 14:01:03,2011-06-22 19:01:03
970,22,Night,2021-09-23 22:01:49,2021-09-23 06:00:49
971,28,Night,2011-10-24 22:01:53,2011-10-24 06:00:53
972,65,Morning,2022-08-18 06:01:32,2022-08-18 10:01:32
973,31,Afternoon,2020-12-15 14:01:29,2020-12-15 20:01:29
974,43,Afternoon,2022-05-03 14:01:41,2022-05-03 21:01:41
975,10,Morning,2018-01-03 06:01:27,2018-01-03 12:01:27
976,5,Night,2023-07-12 22:01:29,2023-07-12 06:00:29
977,17,Night,2015-08-12 22:01:33,2015-08-12 06:00:33
978,53,Night,2020-03-28 22:01:14,2020-03-28 06:00:14
979,47,Night,2019-11-30 22:01:26,2019-11-30 06:00:26
980,100,Afternoon,2020-09-17 14:01:55,2020-09-17 19:01:55
981,64,Afternoon,2011-08-02 14:01:08,2011-08-02 21:01:08
982,56,Night,2013-03-28 22:01:06,2013-03-28 06:00:06
983,67,Night,2014-07-25 22:01:03,2014-07-25 06:00:03
984,15,Night,2010-09-26 22:01:18,2010-09-26 06:00:18
985,55,Morning,2013-05-09 06:01:42,2013-05-09 10:01:42
986,25,Morning,2018-03-20 06:01:36,2018-03-20 14:00:36
987,27,Afternoon,2024-01-09 14:01:00,2024-01-09 21:01:00
988,51,Night,2012-07-17 22:01:19,2012-07-17 06:00:19
989,98,Morning,2023-09-27 06:01:37,2023-09-27 13:01:37
990,20,Night,2014-06-18 22:01:34,2014-06-18 06:00:34
991,10,Afternoon,2014-12-23 14:01:02,2014-12-23 19:01:02
992,13,Morning,2017-04-12 06:01:18,2017-04-12 11:01:18
993,33,Afternoon,2012-06-19 14:01:48,2012-06-19 20:01:48
994,7,Afternoon,2010-09-20 14:01:40,2010-09-20 22:00:40
995,71,Morning,2024-04-02 06:01:54,2024-04-02 13:01:54
996,74,Morning,2018-05-23 06:01:24,2018-05-23 13:01:24
997,81,Afternoon,2017-07-14 14:01:51,2017-07-14 21:01:51
998,98,Night,2016-10-20 22:01:55,2016-10-20 06:00:55
999,80,Morning,2021-11-01 06:01:43,2021-11-01 14:00:43
1000,34,Afternoon,2013-10-03 14:01:34,2013-10-03 18:01:34
